; auto-generated by translated_slot — do not edit
; v2 bucketed: magic | n_bkts<<0/maxlen<<16 | offsets[n+1] | entries
; entry: key(4B) | jp_len_le16(2B) | jp_bytes | chinese_bytes(... 0xFF)

.org 0x09EA0000
.align 4
SlotTable:
  .word 0x32544C53  ; 'SLT2'
  .word 0x00330100  ; n_buckets=256, max_jp_len=51
  .word 0x0000040C, 0x0000040C, 0x000004ED, 0x00000557  ; bucket offsets 0..3
  .word 0x000005D1, 0x0000064F, 0x00000713, 0x000007F2  ; bucket offsets 4..7
  .word 0x00000870, 0x000008C4, 0x000008D8, 0x0000091A  ; bucket offsets 8..11
  .word 0x0000092C, 0x00000A0A, 0x00000A2E, 0x00000A2E  ; bucket offsets 12..15
  .word 0x00000A3F, 0x00000AAB, 0x00000AB9, 0x00000AF4  ; bucket offsets 16..19
  .word 0x00000B06, 0x00000B58, 0x00000B77, 0x00000B85  ; bucket offsets 20..23
  .word 0x00000B85, 0x00000BBD, 0x00000BFA, 0x00000C3F  ; bucket offsets 24..27
  .word 0x00000C6C, 0x00000CDD, 0x00000CDD, 0x00000CDD  ; bucket offsets 28..31
  .word 0x00000D13, 0x00000D53, 0x00000DC7, 0x00000DC7  ; bucket offsets 32..35
  .word 0x00000DEA, 0x00000E59, 0x00000E99, 0x00000EAB  ; bucket offsets 36..39
  .word 0x00000EAB, 0x00000EBF, 0x00000EBF, 0x00000EBF  ; bucket offsets 40..43
  .word 0x00000EBF, 0x00000F0A, 0x00000F0A, 0x00000F0A  ; bucket offsets 44..47
  .word 0x00000F0A, 0x00000F1E, 0x00000F1E, 0x00000F1E  ; bucket offsets 48..51
  .word 0x00000F1E, 0x00000F32, 0x00000F32, 0x00000F32  ; bucket offsets 52..55
  .word 0x00000F32, 0x00000F53, 0x00000F53, 0x00000F53  ; bucket offsets 56..59
  .word 0x00000F53, 0x00000F67, 0x00000F9E, 0x00000FB0  ; bucket offsets 60..63
  .word 0x00000FB0, 0x00001094, 0x000010C2, 0x000010C2  ; bucket offsets 64..67
  .word 0x000010C2, 0x000010C2, 0x000010E1, 0x000010EF  ; bucket offsets 68..71
  .word 0x000010FD, 0x000010FD, 0x000010FD, 0x00001132  ; bucket offsets 72..75
  .word 0x00001132, 0x00001132, 0x00001132, 0x00001132  ; bucket offsets 76..79
  .word 0x00001132, 0x00001143, 0x000014D6, 0x00001603  ; bucket offsets 80..83
  .word 0x000016D0, 0x0000184D, 0x000019DC, 0x00001D51  ; bucket offsets 84..87
  .word 0x00001EFC, 0x00001FE2, 0x00002118, 0x000022B0  ; bucket offsets 88..91
  .word 0x000024EF, 0x00002706, 0x000027D6, 0x00002899  ; bucket offsets 92..95
  .word 0x0000290D, 0x00002B4C, 0x00002C62, 0x00002CCC  ; bucket offsets 96..99
  .word 0x00002DBC, 0x00002FB4, 0x0000311C, 0x0000325E  ; bucket offsets 100..103
  .word 0x000032A3, 0x000032EE, 0x000033DE, 0x00003572  ; bucket offsets 104..107
  .word 0x00003769, 0x000038AB, 0x000038FD, 0x0000397C  ; bucket offsets 108..111
  .word 0x00003DE8, 0x00004097, 0x000040E1, 0x000041B8  ; bucket offsets 112..115
  .word 0x00004270, 0x000043B4, 0x000044CC, 0x000045ED  ; bucket offsets 116..119
  .word 0x0000477F, 0x00004845, 0x000048CF, 0x000049D6  ; bucket offsets 120..123
  .word 0x00004A16, 0x00004A70, 0x00004A70, 0x00004A70  ; bucket offsets 124..127
  .word 0x00004A70, 0x00004AB0, 0x00004AB0, 0x00004AB0  ; bucket offsets 128..131
  .word 0x00004AB0, 0x00004AB0, 0x00004AB0, 0x00004AB0  ; bucket offsets 132..135
  .word 0x00004B07, 0x00004B4F, 0x00004BAA, 0x00004BE7  ; bucket offsets 136..139
  .word 0x00004CE4, 0x00004D12, 0x00004E3E, 0x00004E55  ; bucket offsets 140..143
  .word 0x00004E6C, 0x00004E6C, 0x00004F12, 0x00004F12  ; bucket offsets 144..147
  .word 0x00004F12, 0x00004F88, 0x0000508D, 0x000051C7  ; bucket offsets 148..151
  .word 0x0000523E, 0x000052E3, 0x00005355, 0x000053C0  ; bucket offsets 152..155
  .word 0x00005481, 0x00005546, 0x000055CD, 0x000055FD  ; bucket offsets 156..159
  .word 0x0000573E, 0x0000573E, 0x0000573E, 0x00005750  ; bucket offsets 160..163
  .word 0x00005762, 0x00005774, 0x00005786, 0x00005798  ; bucket offsets 164..167
  .word 0x000057C4, 0x000057E1, 0x0000580D, 0x0000581C  ; bucket offsets 168..171
  .word 0x0000581C, 0x0000581C, 0x0000581C, 0x0000581C  ; bucket offsets 172..175
  .word 0x0000581C, 0x0000581C, 0x0000581C, 0x0000581C  ; bucket offsets 176..179
  .word 0x0000581C, 0x0000581C, 0x0000581C, 0x0000581C  ; bucket offsets 180..183
  .word 0x0000581C, 0x0000581C, 0x0000581C, 0x0000581C  ; bucket offsets 184..187
  .word 0x0000581C, 0x0000581C, 0x0000581C, 0x0000581C  ; bucket offsets 188..191
  .word 0x0000581C, 0x0000581C, 0x0000581C, 0x0000581C  ; bucket offsets 192..195
  .word 0x0000581C, 0x0000581C, 0x0000581C, 0x0000581C  ; bucket offsets 196..199
  .word 0x0000581C, 0x0000581C, 0x0000581C, 0x0000581C  ; bucket offsets 200..203
  .word 0x0000581C, 0x0000581C, 0x0000581C, 0x0000581C  ; bucket offsets 204..207
  .word 0x0000581C, 0x0000581C, 0x0000581C, 0x0000581C  ; bucket offsets 208..211
  .word 0x0000581C, 0x0000581C, 0x0000581C, 0x0000581C  ; bucket offsets 212..215
  .word 0x0000581C, 0x0000581C, 0x0000581C, 0x0000581C  ; bucket offsets 216..219
  .word 0x0000581C, 0x0000581C, 0x0000581C, 0x0000581C  ; bucket offsets 220..223
  .word 0x0000581C, 0x0000581C, 0x0000581C, 0x0000581C  ; bucket offsets 224..227
  .word 0x0000581C, 0x0000581C, 0x0000581C, 0x0000581C  ; bucket offsets 228..231
  .word 0x0000581C, 0x0000581C, 0x0000581C, 0x0000581C  ; bucket offsets 232..235
  .word 0x0000581C, 0x0000581C, 0x0000581C, 0x0000581C  ; bucket offsets 236..239
  .word 0x0000581C, 0x0000581C, 0x0000581C, 0x0000581C  ; bucket offsets 240..243
  .word 0x0000581C, 0x0000581C, 0x0000581C, 0x0000581C  ; bucket offsets 244..247
  .word 0x0000581C, 0x0000581C, 0x0000581C, 0x0000581C  ; bucket offsets 248..251
  .word 0x0000581C, 0x0000585C, 0x00006340, 0x00006340  ; bucket offsets 252..255
  .word 0x00006340  ; bucket offsets 256..256
; bucket 0x01 (15 entries)
  .byte 0x04, 0xB6, 0x69, 0xFB, 0x04, 0x00, 0x01, 0x00, 0x00, 0x00, 0xF9, 0x00, 0x01, 0x00, 0xFF
  .byte 0xC9, 0x46, 0x62, 0x89, 0x04, 0x00, 0x01, 0x00, 0x05, 0x00, 0xF9, 0x00, 0x01, 0x00, 0x00, 0xF9, 0x00, 0x0A, 0x13, 0xFF
  .byte 0x6D, 0x92, 0x91, 0x97, 0x03, 0x00, 0x01, 0x50, 0xAB, 0xF9, 0x00, 0x01, 0x00, 0x3C, 0xFF
  .byte 0xDB, 0x50, 0xCF, 0x66, 0x03, 0x00, 0x01, 0x02, 0x13, 0xF9, 0x00, 0x03, 0x79, 0xF9, 0x00, 0x0C, 0x1B, 0xFF
  .byte 0xB5, 0x9E, 0xE0, 0x69, 0x03, 0x00, 0x01, 0x19, 0x18, 0xF9, 0x00, 0x09, 0xBD, 0xF9, 0x00, 0x04, 0x60, 0xF9, 0x00, 0x01, 0x00, 0xFF
  .byte 0xA8, 0xDC, 0xF6, 0xB5, 0x03, 0x00, 0x01, 0x12, 0x02, 0xF9, 0x00, 0x0B, 0x48, 0xFF
  .byte 0x71, 0xA0, 0xDB, 0x17, 0x03, 0x00, 0x01, 0x1F, 0x02, 0xF9, 0x00, 0x0C, 0xF1, 0xFF
  .byte 0x48, 0x30, 0x74, 0xF7, 0x02, 0x00, 0x01, 0x14, 0xF9, 0x00, 0x0B, 0xDF, 0xFF
  .byte 0xCC, 0x10, 0x74, 0xE3, 0x02, 0x00, 0x01, 0x08, 0xF9, 0x00, 0x03, 0x96, 0xFF
  .byte 0x1D, 0x22, 0x74, 0xEE, 0x02, 0x00, 0x01, 0x03, 0xF9, 0x00, 0x0E, 0x0D, 0xF9, 0x00, 0x0F, 0xA4, 0xFF
  .byte 0xD1, 0x1B, 0x74, 0xEA, 0x02, 0x00, 0x01, 0x07, 0xF9, 0x00, 0x0B, 0x11, 0xFF
  .byte 0xF7, 0x1E, 0x74, 0xEC, 0x02, 0x00, 0x01, 0x01, 0xF9, 0x00, 0x01, 0x00, 0xFF
  .byte 0x3E, 0x1A, 0x74, 0xE9, 0x02, 0x00, 0x01, 0x06, 0xF9, 0x00, 0x05, 0x1B, 0xFF
  .byte 0xAB, 0x18, 0x74, 0xE8, 0x02, 0x00, 0x01, 0x05, 0xF9, 0x00, 0x08, 0x2B, 0xFF
  .byte 0x8C, 0x5B, 0x0C, 0x04, 0x01, 0x00, 0x01, 0xF9, 0x00, 0x01, 0x00, 0xFF
; bucket 0x02 (6 entries)
  .byte 0x16, 0x6A, 0xED, 0x6C, 0x06, 0x00, 0x02, 0x0E, 0x07, 0x6F, 0x66, 0x51, 0xF9, 0x00, 0x0F, 0x15, 0xF9, 0x00, 0x05, 0x8E, 0xF9, 0x00, 0x09, 0x6C, 0xFF
  .byte 0x1B, 0xB0, 0xF3, 0x62, 0x05, 0x00, 0x02, 0x00, 0x10, 0x00, 0xFE, 0xF9, 0x00, 0x0F, 0xE6, 0xFF
  .byte 0x5B, 0xB9, 0x9F, 0x9C, 0x05, 0x00, 0x02, 0x00, 0x50, 0x00, 0xFE, 0xF9, 0x00, 0x0D, 0x7F, 0xFF
  .byte 0x83, 0x2A, 0x79, 0x54, 0x03, 0x00, 0x02, 0x06, 0x28, 0xF9, 0x00, 0x03, 0xE2, 0xF9, 0x00, 0x0A, 0x0A, 0xFF
  .byte 0xD3, 0x4C, 0x83, 0x10, 0x03, 0x00, 0x02, 0x02, 0x04, 0xF9, 0x00, 0x03, 0xF4, 0xFF
  .byte 0x58, 0x91, 0x7B, 0x60, 0x02, 0x00, 0x02, 0x0D, 0xF9, 0x00, 0x0F, 0x1E, 0xF9, 0x00, 0x11, 0x0B, 0xFF
; bucket 0x03 (5 entries)
  .byte 0x27, 0xBC, 0x0D, 0x1F, 0x07, 0x00, 0x03, 0x20, 0x07, 0x36, 0x03, 0x41, 0x02, 0xF9, 0x00, 0x04, 0xC9, 0xF9, 0x00, 0x0E, 0x61, 0xF9, 0x00, 0x03, 0x23, 0xFF
  .byte 0xFF, 0x70, 0xCE, 0x75, 0x06, 0x00, 0x03, 0x07, 0x2C, 0x87, 0xAE, 0x79, 0xF9, 0x00, 0x0F, 0x6C, 0xF9, 0x00, 0x0B, 0x26, 0xF9, 0x00, 0x0A, 0x0B, 0xF9, 0x00, 0x04, 0xC8, 0xFF
  .byte 0x05, 0x1B, 0x08, 0xD2, 0x06, 0x00, 0x03, 0x07, 0x2C, 0x9A, 0xAE, 0x52, 0xF9, 0x00, 0x0F, 0x6C, 0xF9, 0x00, 0x0B, 0x26, 0xF9, 0x00, 0x09, 0xC6, 0xF9, 0x00, 0x04, 0xC8, 0xFF
  .byte 0xEB, 0xC4, 0xBA, 0x29, 0x04, 0x00, 0x03, 0x00, 0x05, 0x00, 0xF9, 0x00, 0x0D, 0x9E, 0x00, 0xF9, 0x00, 0x0A, 0x13, 0xFF
  .byte 0x4D, 0x07, 0x48, 0x92, 0x03, 0x00, 0x03, 0x20, 0x49, 0xF9, 0x00, 0x04, 0xC9, 0xF9, 0x00, 0x01, 0x9C, 0xFF
; bucket 0x04 (5 entries)
  .byte 0x09, 0x75, 0xF4, 0x27, 0x08, 0x00, 0x04, 0x00, 0x05, 0x00, 0x08, 0x00, 0x05, 0x00, 0xF9, 0x00, 0x05, 0x6A, 0xF9, 0x00, 0x01, 0x21, 0x00, 0xF9, 0x00, 0x07, 0x73, 0xF9, 0x00, 0x01, 0x21, 0xFF
  .byte 0x91, 0x6D, 0x56, 0xA9, 0x08, 0x00, 0x04, 0x00, 0x05, 0x00, 0x00, 0x00, 0x05, 0x00, 0xF9, 0x00, 0x05, 0x6A, 0xF9, 0x00, 0x01, 0x21, 0x00, 0xF9, 0x00, 0x01, 0x21, 0xFF
  .byte 0xDE, 0x4F, 0xD1, 0xE6, 0x06, 0x00, 0x04, 0x03, 0x13, 0x03, 0x00, 0x00, 0xF9, 0x00, 0x0A, 0x14, 0xF9, 0x00, 0x0C, 0xD9, 0xF9, 0x00, 0x0D, 0xA0, 0xFF
  .byte 0x22, 0x46, 0x8D, 0xE6, 0x05, 0x00, 0x04, 0x00, 0x01, 0x00, 0xFE, 0xF9, 0x00, 0x05, 0x6A, 0xF9, 0x00, 0x0E, 0xB0, 0x00, 0xFF
  .byte 0x0C, 0x68, 0xEC, 0x7C, 0x04, 0x00, 0x04, 0x00, 0x05, 0x00, 0xF9, 0x00, 0x12, 0x16, 0x00, 0xF9, 0x00, 0x0A, 0x13, 0xFF
; bucket 0x05 (9 entries)
  .byte 0x4C, 0x0D, 0x36, 0x4B, 0x09, 0x00, 0x05, 0x14, 0x15, 0x19, 0x05, 0x18, 0x04, 0x0B, 0x2E, 0xF9, 0x00, 0x02, 0x4B, 0xF9, 0x00, 0x09, 0xE0, 0xF9, 0x00, 0x03, 0x0B, 0xF9, 0x00, 0x02, 0xD3, 0xF9, 0x00, 0x07, 0x35, 0xF9, 0x00, 0x07, 0x35, 0xFF
  .byte 0xEA, 0x45, 0x4F, 0x71, 0x06, 0x00, 0x05, 0x3D, 0x36, 0x03, 0x0B, 0x1F, 0xF9, 0x00, 0x02, 0xD3, 0xF9, 0x00, 0x0E, 0x2C, 0xF9, 0x00, 0x07, 0x35, 0xFF
  .byte 0x70, 0x8C, 0x00, 0x19, 0x06, 0x00, 0x05, 0x4A, 0x50, 0x11, 0x34, 0x1F, 0xF9, 0x00, 0x0B, 0xB7, 0xF9, 0x00, 0x0E, 0xF6, 0xFF
  .byte 0xCD, 0x1D, 0xC5, 0x78, 0x04, 0x00, 0x05, 0x00, 0x05, 0x00, 0xF9, 0x00, 0x0A, 0x13, 0x00, 0xF9, 0x00, 0x0A, 0x13, 0xFF
  .byte 0x02, 0xFE, 0x60, 0x02, 0x03, 0x00, 0x05, 0x14, 0x0A, 0xF9, 0x00, 0x09, 0xC6, 0xF9, 0x00, 0x04, 0xC8, 0xFF
  .byte 0x2D, 0x97, 0xA1, 0xF9, 0x03, 0x00, 0x05, 0x2E, 0x15, 0xF9, 0x00, 0x0A, 0x0B, 0xF9, 0x00, 0x04, 0xC8, 0xFF
  .byte 0x44, 0xC0, 0x9C, 0xC0, 0x03, 0x00, 0x05, 0x2C, 0x28, 0xF9, 0x00, 0x07, 0x33, 0xF9, 0x00, 0x0C, 0x3D, 0xFF
  .byte 0xE2, 0x54, 0x89, 0xD2, 0x03, 0x00, 0x05, 0x24, 0xBA, 0xF9, 0x00, 0x10, 0xC8, 0xF9, 0x00, 0x0B, 0x4B, 0xFF
  .byte 0x43, 0x5A, 0x92, 0xD9, 0x03, 0x00, 0x05, 0x28, 0x29, 0xF9, 0x00, 0x0D, 0xE6, 0xF9, 0x00, 0x02, 0x37, 0xFF
; bucket 0x06 (11 entries)
  .byte 0x40, 0x37, 0x0E, 0x78, 0x08, 0x00, 0x06, 0x02, 0x3D, 0x35, 0x03, 0x6F, 0x66, 0x51, 0xF9, 0x00, 0x04, 0x9E, 0xF9, 0x00, 0x0C, 0x23, 0xF9, 0x00, 0x01, 0x0D, 0xF9, 0x00, 0x04, 0xE9, 0xF9, 0x00, 0x10, 0x52, 0xFF
  .byte 0xE2, 0x52, 0xAA, 0x86, 0x07, 0x00, 0x06, 0x02, 0x9B, 0x7E, 0x24, 0x2B, 0x03, 0xF9, 0x00, 0x02, 0x89, 0xF9, 0x00, 0x0F, 0x6C, 0xF9, 0x00, 0x07, 0xF1, 0xF9, 0x00, 0x03, 0x0B, 0xF9, 0x00, 0x05, 0xBD, 0xF9, 0x00, 0x05, 0x7C, 0xFF
  .byte 0x2E, 0xE6, 0x44, 0x1D, 0x04, 0x00, 0x06, 0x00, 0x05, 0x00, 0xF9, 0x00, 0x07, 0xB6, 0x00, 0xF9, 0x00, 0x0A, 0x13, 0xFF
  .byte 0x07, 0xF7, 0x8E, 0x88, 0x03, 0x00, 0x06, 0x2E, 0x48, 0xF9, 0x00, 0x04, 0x33, 0xF9, 0x00, 0x01, 0xDA, 0xFF
  .byte 0x77, 0x66, 0xE8, 0x04, 0x03, 0x00, 0x06, 0x02, 0x2C, 0xF9, 0x00, 0x03, 0x79, 0xF9, 0x00, 0x05, 0x3D, 0xFF
  .byte 0x40, 0xD9, 0xBB, 0x61, 0x03, 0x00, 0x06, 0x10, 0x0B, 0xF9, 0x00, 0x0F, 0x60, 0xF9, 0x00, 0x03, 0x6D, 0xFF
  .byte 0x6B, 0xE7, 0xBB, 0x6A, 0x03, 0x00, 0x06, 0x10, 0x02, 0xF9, 0x00, 0x05, 0xCC, 0xF9, 0x00, 0x0F, 0x60, 0xFF
  .byte 0xE8, 0xA4, 0xA0, 0xC8, 0x03, 0x00, 0x06, 0x27, 0x02, 0xF9, 0x00, 0x08, 0x26, 0xFF
  .byte 0x23, 0xD0, 0x62, 0x26, 0x03, 0x00, 0x06, 0x3C, 0x2E, 0xF9, 0x00, 0x05, 0x7D, 0xF9, 0x00, 0x0B, 0x9B, 0xFF
  .byte 0x21, 0xA6, 0x71, 0xC7, 0x02, 0x00, 0x06, 0x02, 0xF9, 0x00, 0x07, 0x29, 0xFF
  .byte 0x4F, 0x6A, 0x71, 0xA1, 0x02, 0x00, 0x06, 0x2C, 0xF9, 0x00, 0x05, 0x02, 0xFF
; bucket 0x07 (7 entries)
  .byte 0x31, 0xA1, 0x6B, 0x23, 0x06, 0x00, 0x07, 0x2E, 0x0A, 0x2E, 0x0C, 0x07, 0xF9, 0x00, 0x07, 0x42, 0xF9, 0x00, 0x05, 0x76, 0xF9, 0x00, 0x0C, 0x02, 0xFF
  .byte 0xEF, 0x9B, 0x1D, 0x19, 0x04, 0x00, 0x07, 0x00, 0x05, 0x00, 0xF9, 0x00, 0x05, 0x86, 0x00, 0xF9, 0x00, 0x0A, 0x13, 0xFF
  .byte 0x8A, 0xFB, 0xAA, 0x96, 0x03, 0x00, 0x07, 0x23, 0x11, 0xF9, 0x00, 0x0E, 0x4F, 0xF9, 0x00, 0x0B, 0x0B, 0xFF
  .byte 0xC5, 0xAE, 0xF7, 0x1C, 0x03, 0x00, 0x07, 0x02, 0x2B, 0xF9, 0x00, 0x05, 0x53, 0xFF
  .byte 0xB7, 0x9F, 0x3A, 0x24, 0x03, 0x00, 0x07, 0x19, 0x20, 0xF9, 0x00, 0x04, 0xC3, 0xF9, 0x00, 0x0B, 0xF1, 0xFF
  .byte 0x86, 0x02, 0xEE, 0xAB, 0x03, 0x00, 0x07, 0x06, 0x02, 0xF9, 0x00, 0x05, 0x87, 0xF9, 0x00, 0x0E, 0x40, 0xFF
  .byte 0x58, 0xF9, 0x6E, 0x81, 0x02, 0x00, 0x07, 0x2E, 0xF9, 0x00, 0x07, 0x42, 0xFF
; bucket 0x08 (5 entries)
  .byte 0x2A, 0x58, 0xC9, 0xEA, 0x05, 0x00, 0x08, 0x00, 0x05, 0x00, 0xFE, 0xF9, 0x00, 0x07, 0x73, 0xF9, 0x00, 0x01, 0x21, 0x00, 0xFF
  .byte 0x90, 0x89, 0xEB, 0x0E, 0x04, 0x00, 0x08, 0x00, 0x05, 0x00, 0xF9, 0x00, 0x07, 0xF0, 0x00, 0xF9, 0x00, 0x0A, 0x13, 0xFF
  .byte 0x50, 0x58, 0xC7, 0x90, 0x04, 0x00, 0x08, 0x00, 0xC5, 0x00, 0xF9, 0x00, 0x07, 0x73, 0x00, 0xC5, 0xFF
  .byte 0xDB, 0x3B, 0x8A, 0x23, 0x02, 0x00, 0x08, 0x2E, 0xF9, 0x00, 0x07, 0xAD, 0xFF
  .byte 0x94, 0x40, 0x8A, 0x26, 0x02, 0x00, 0x08, 0x2B, 0xF9, 0x00, 0x05, 0x09, 0xFF
; bucket 0x09 (1 entries)
  .byte 0x51, 0x3F, 0xC4, 0x0A, 0x04, 0x00, 0x09, 0x00, 0x05, 0x00, 0xF9, 0x00, 0x07, 0xBB, 0x00, 0xF9, 0x00, 0x0A, 0x13, 0xFF
; bucket 0x0A (3 entries)
  .byte 0x34, 0xC8, 0x52, 0x0D, 0x08, 0x00, 0x0A, 0x2E, 0x11, 0x35, 0x03, 0x6F, 0x66, 0x51, 0xF9, 0x00, 0x08, 0x1A, 0xF9, 0x00, 0x02, 0x68, 0xF9, 0x00, 0x01, 0x0D, 0xF9, 0x00, 0x04, 0xE9, 0xF9, 0x00, 0x10, 0x52, 0xFF
  .byte 0x60, 0xBA, 0xA7, 0x19, 0x03, 0x00, 0x0A, 0x05, 0x28, 0xF9, 0x00, 0x01, 0xB6, 0xFF
  .byte 0x9B, 0x59, 0x8F, 0x89, 0x02, 0x00, 0x0A, 0x04, 0xF9, 0x00, 0x0B, 0xD7, 0xF9, 0x00, 0x0F, 0x44, 0xFF
; bucket 0x0B (1 entries)
  .byte 0x84, 0xAC, 0x33, 0x54, 0x03, 0x00, 0x0B, 0x46, 0x08, 0xF9, 0x00, 0x0B, 0x91, 0xF9, 0x00, 0x09, 0xA4, 0xFF
; bucket 0x0C (9 entries)
  .byte 0x56, 0x14, 0xF6, 0xE7, 0x17, 0x00, 0x0C, 0x06, 0x0C, 0x00, 0xFD, 0x10, 0x37, 0xFE, 0x0B, 0x2C, 0x02, 0x44, 0x02, 0x13, 0x00, 0x18, 0x21, 0x2A, 0x15, 0x06, 0x50, 0x10, 0xAB, 0xF9, 0x00, 0x07, 0xD7, 0xF9, 0x00, 0x0C, 0x0C, 0xFD, 0x10, 0xF9, 0x00, 0x0C, 0xAC, 0xF9, 0x00, 0x02, 0x35, 0xF9, 0x00, 0x08, 0x9E, 0x3B, 0xF9, 0x00, 0x09, 0x53, 0xF9, 0x00, 0x03, 0xAB, 0xF9, 0x00, 0x0C, 0x52, 0xF9, 0x00, 0x10, 0xF4, 0x3C, 0xFF
  .byte 0xB6, 0xFB, 0x37, 0xDB, 0x05, 0x00, 0x0C, 0x13, 0x2E, 0x19, 0x03, 0xF9, 0x00, 0x0C, 0x67, 0xF9, 0x00, 0x0C, 0xED, 0xF9, 0x00, 0x0D, 0x5D, 0xFF
  .byte 0x0A, 0xD8, 0xC5, 0x0B, 0x05, 0x00, 0x0C, 0x00, 0x01, 0x00, 0xFE, 0xF9, 0x00, 0x0B, 0xE7, 0xF9, 0x00, 0x0E, 0xB0, 0x00, 0xFF
  .byte 0xF8, 0x09, 0x78, 0x20, 0x04, 0x00, 0x0C, 0x10, 0x50, 0x4B, 0xF9, 0x00, 0x0C, 0x1B, 0xF9, 0x00, 0x0D, 0xE6, 0xFF
  .byte 0x94, 0x60, 0x4E, 0xFE, 0x04, 0x00, 0x0C, 0x00, 0x05, 0x00, 0xF9, 0x00, 0x0D, 0xBD, 0x00, 0xF9, 0x00, 0x0A, 0x13, 0xFF
  .byte 0x2E, 0x5B, 0x2B, 0x38, 0x03, 0x00, 0x0C, 0x35, 0x20, 0xF9, 0x00, 0x0E, 0x56, 0xF9, 0x00, 0x0B, 0x24, 0xFF
  .byte 0xBE, 0x7D, 0x72, 0x0F, 0x03, 0x00, 0x0C, 0x10, 0xAB, 0xF9, 0x00, 0x10, 0xD4, 0xF9, 0x00, 0x10, 0xD0, 0xF9, 0x00, 0x08, 0x9E, 0x3C, 0xFF
  .byte 0x81, 0x5A, 0x99, 0x97, 0x03, 0x00, 0x0C, 0x48, 0x02, 0xF9, 0x00, 0x04, 0x33, 0xFF
  .byte 0xC0, 0x3D, 0x80, 0x7E, 0x02, 0x00, 0x0C, 0x2B, 0xF9, 0x00, 0x01, 0x36, 0xFF
; bucket 0x0D (2 entries)
  .byte 0x36, 0xC7, 0x49, 0x60, 0x03, 0x00, 0x0D, 0x15, 0x05, 0xF9, 0x00, 0x0C, 0xBA, 0xF9, 0x00, 0x09, 0x04, 0xFF
  .byte 0xA8, 0x17, 0x45, 0x40, 0x03, 0x00, 0x0D, 0x13, 0x29, 0xF9, 0x00, 0x03, 0x4F, 0xF9, 0x00, 0x0A, 0xB5, 0xFF
; bucket 0x0F (1 entries)
  .byte 0x9B, 0xC1, 0x82, 0xAA, 0x02, 0x00, 0x0F, 0x27, 0xF9, 0x00, 0x0C, 0xED, 0xF9, 0x00, 0x07, 0xE3, 0xFF
; bucket 0x10 (5 entries)
  .byte 0x61, 0x85, 0xC8, 0xAB, 0x07, 0x00, 0x10, 0x2E, 0x4B, 0x2E, 0x0A, 0x40, 0x03, 0xF9, 0x00, 0x03, 0x71, 0xF9, 0x00, 0x07, 0xF1, 0xF9, 0x00, 0x0E, 0x2C, 0xF9, 0x00, 0x11, 0x0B, 0xFF
  .byte 0x80, 0x34, 0xD7, 0xA2, 0x04, 0x00, 0x10, 0x12, 0x3D, 0x2E, 0xF9, 0x00, 0x02, 0xCF, 0xF9, 0x00, 0x0B, 0x4B, 0xFF
  .byte 0x18, 0x82, 0x4D, 0x90, 0x04, 0x00, 0x10, 0x00, 0x05, 0x00, 0xF9, 0x00, 0x0C, 0xAC, 0x00, 0xF9, 0x00, 0x0A, 0x13, 0xFF
  .byte 0x98, 0xB6, 0x8A, 0x91, 0x04, 0x00, 0x10, 0x00, 0x85, 0x00, 0xF9, 0x00, 0x0D, 0x40, 0x00, 0xF9, 0x00, 0x0F, 0x9C, 0xFF
  .byte 0xD8, 0xE7, 0xAE, 0x0F, 0x04, 0x00, 0x10, 0x00, 0x45, 0x00, 0xF9, 0x00, 0x0D, 0x40, 0xF9, 0x00, 0x03, 0x85, 0xFF
; bucket 0x11 (1 entries)
  .byte 0x02, 0xCB, 0xB4, 0x5F, 0x03, 0x00, 0x11, 0x34, 0x2E, 0xF9, 0x00, 0x07, 0x06, 0xFF
; bucket 0x12 (3 entries)
  .byte 0x9C, 0xC1, 0x61, 0x92, 0x04, 0x00, 0x12, 0x28, 0x47, 0x14, 0xF9, 0x00, 0x03, 0x3D, 0xF9, 0x00, 0x0F, 0x91, 0xF9, 0x00, 0x0B, 0x4B, 0xFF
  .byte 0xBE, 0x9F, 0xE4, 0x6B, 0x03, 0x00, 0x12, 0x06, 0x03, 0xF9, 0x00, 0x0B, 0xF5, 0xF9, 0x00, 0x0F, 0x71, 0xFF
  .byte 0xF9, 0x5F, 0xFD, 0xE2, 0x03, 0x00, 0x12, 0x08, 0x04, 0xF9, 0x00, 0x10, 0xEF, 0xF9, 0x00, 0x11, 0x0B, 0xFF
; bucket 0x13 (1 entries)
  .byte 0xB4, 0xA9, 0xC2, 0xBF, 0x03, 0x00, 0x13, 0x2A, 0x24, 0xF9, 0x00, 0x04, 0xCC, 0xF9, 0x00, 0x0E, 0x6A, 0xFF
; bucket 0x14 (4 entries)
  .byte 0x5D, 0x1B, 0x43, 0x5E, 0x05, 0x00, 0x14, 0x28, 0x12, 0x06, 0x02, 0xF9, 0x00, 0x09, 0xE7, 0xF9, 0x00, 0x0D, 0xD9, 0xF9, 0x00, 0x0E, 0x9E, 0xF9, 0x00, 0x08, 0x8A, 0xF9, 0x00, 0x05, 0xBD, 0xFF
  .byte 0x1C, 0x59, 0xB0, 0x7F, 0x04, 0x00, 0x14, 0x00, 0x05, 0x00, 0xF9, 0x00, 0x0D, 0x38, 0x00, 0xF9, 0x00, 0x0A, 0x13, 0xFF
  .byte 0xC9, 0xBC, 0x13, 0x19, 0x03, 0x00, 0x14, 0x3D, 0x29, 0xF9, 0x00, 0x0D, 0x33, 0xF9, 0x00, 0x02, 0x78, 0xFF
  .byte 0x03, 0x70, 0x0C, 0x11, 0x01, 0x00, 0x14, 0xF9, 0x00, 0x04, 0xF3, 0xFF
; bucket 0x15 (2 entries)
  .byte 0x3B, 0x2B, 0x98, 0xD4, 0x03, 0x00, 0x15, 0x1F, 0x04, 0xF9, 0x00, 0x09, 0x93, 0xF9, 0x00, 0x11, 0x0E, 0xFF
  .byte 0x34, 0xED, 0x91, 0xBF, 0x02, 0x00, 0x15, 0x0C, 0xF9, 0x00, 0x0D, 0xA4, 0xFF
; bucket 0x16 (1 entries)
  .byte 0x28, 0x80, 0x33, 0x17, 0x03, 0x00, 0x16, 0x37, 0x02, 0xF9, 0x00, 0x07, 0xEE, 0xFF
; bucket 0x18 (3 entries)
  .byte 0xA0, 0x7A, 0xAF, 0x11, 0x04, 0x00, 0x18, 0x00, 0x05, 0x00, 0xF9, 0x00, 0x09, 0xD0, 0x00, 0xF9, 0x00, 0x0A, 0x13, 0xFF
  .byte 0x01, 0xDB, 0xFF, 0x32, 0x03, 0x00, 0x18, 0x21, 0x29, 0xF9, 0x00, 0x0C, 0x52, 0xF9, 0x00, 0x07, 0xA5, 0xFF
  .byte 0x6E, 0xD9, 0xFF, 0x31, 0x03, 0x00, 0x18, 0x21, 0x28, 0xF9, 0x00, 0x0C, 0x52, 0xF9, 0x00, 0x09, 0x77, 0xFF
; bucket 0x19 (4 entries)
  .byte 0x2B, 0x37, 0xC9, 0x90, 0x03, 0x00, 0x19, 0x2E, 0x07, 0xF9, 0x00, 0x0F, 0x74, 0xF9, 0x00, 0x0D, 0xF4, 0xFF
  .byte 0x45, 0x8E, 0x39, 0x00, 0x03, 0x00, 0x19, 0x14, 0x07, 0xF9, 0x00, 0x09, 0xBD, 0xF9, 0x00, 0x0B, 0xED, 0xFF
  .byte 0x9C, 0xC9, 0xAF, 0x9B, 0x02, 0x00, 0x19, 0x20, 0xF9, 0x00, 0x07, 0x48, 0xFF
  .byte 0x54, 0x81, 0x0C, 0x1C, 0x01, 0x00, 0x19, 0xF9, 0x00, 0x03, 0x0B, 0xFF
; bucket 0x1A (5 entries)
  .byte 0xA9, 0xA3, 0x0D, 0x85, 0x03, 0x00, 0x1A, 0x0B, 0x21, 0xF9, 0x00, 0x05, 0xBB, 0xF9, 0x00, 0x10, 0xD0, 0xFF
  .byte 0x9D, 0x09, 0xB7, 0xEF, 0x02, 0x00, 0x1A, 0x02, 0xF9, 0x00, 0x0C, 0x0C, 0xFF
  .byte 0x89, 0x70, 0xB8, 0xD3, 0x02, 0x00, 0x1A, 0xFE, 0xF9, 0x00, 0x0C, 0x0C, 0xFF
  .byte 0xD5, 0x76, 0xB8, 0xD7, 0x02, 0x00, 0x1A, 0xFA, 0xF9, 0x00, 0x0C, 0x0C, 0xFF
  .byte 0x0D, 0x86, 0x0C, 0x1F, 0x01, 0x00, 0x1A, 0xF9, 0x00, 0x0C, 0x0C, 0xFF
; bucket 0x1B (3 entries)
  .byte 0x26, 0x7E, 0x1A, 0x7F, 0x03, 0x00, 0x1B, 0x14, 0x28, 0xF9, 0x00, 0x02, 0xE3, 0xF9, 0x00, 0x0B, 0x4B, 0xFF
  .byte 0x6B, 0x34, 0x9C, 0xFC, 0x03, 0x00, 0x1B, 0x41, 0x28, 0xF9, 0x00, 0x11, 0x2B, 0xFF
  .byte 0x2A, 0x79, 0xB4, 0xBB, 0x02, 0x00, 0x1B, 0x14, 0xF9, 0x00, 0x0B, 0x4B, 0xFF
; bucket 0x1C (6 entries)
  .byte 0xFF, 0xF7, 0xA5, 0xD2, 0x06, 0x00, 0x1C, 0x10, 0x3B, 0x11, 0x34, 0x2E, 0xF9, 0x00, 0x0C, 0x4E, 0xF9, 0x00, 0x01, 0x5A, 0xF9, 0x00, 0x0C, 0xA6, 0xFF
  .byte 0x53, 0xD6, 0x69, 0x8B, 0x04, 0x00, 0x1C, 0x15, 0x19, 0x28, 0xF9, 0x00, 0x02, 0x4D, 0xF9, 0x00, 0x02, 0x8C, 0xFF
  .byte 0xA4, 0x51, 0x12, 0x01, 0x04, 0x00, 0x1C, 0x00, 0x05, 0x00, 0xF9, 0x00, 0x04, 0x0D, 0x00, 0xF9, 0x00, 0x0A, 0x13, 0xFF
  .byte 0xFB, 0x91, 0x8F, 0xFC, 0x03, 0x00, 0x1C, 0x10, 0x28, 0xF9, 0x00, 0x08, 0x90, 0xF9, 0x00, 0x0B, 0x4B, 0xFF
  .byte 0xC6, 0x1C, 0x7E, 0xE0, 0x03, 0x00, 0x1C, 0x1F, 0x2E, 0xF9, 0x00, 0x01, 0xD6, 0xF9, 0x00, 0x09, 0x34, 0xFF
  .byte 0xEF, 0x50, 0xA8, 0x23, 0x02, 0x00, 0x1C, 0x2E, 0xF9, 0x00, 0x03, 0xD9, 0xFF
; bucket 0x1F (3 entries)
  .byte 0x91, 0x94, 0x5A, 0x53, 0x03, 0x00, 0x1F, 0x3D, 0x22, 0xF9, 0x00, 0x0B, 0x4F, 0xF9, 0x00, 0x10, 0x59, 0xFF
  .byte 0x62, 0x20, 0x9F, 0xF2, 0x03, 0x00, 0x1F, 0x01, 0xAB, 0xF9, 0x00, 0x01, 0x04, 0xF9, 0x00, 0x0E, 0xA6, 0x3C, 0xFF
  .byte 0x6F, 0xAD, 0xAA, 0x36, 0x02, 0x00, 0x1F, 0x1B, 0xF9, 0x00, 0x09, 0x23, 0xF9, 0x00, 0x01, 0x91, 0xFF
; bucket 0x20 (4 entries)
  .byte 0x28, 0x73, 0x11, 0x93, 0x04, 0x00, 0x20, 0x00, 0x05, 0x00, 0xF9, 0x00, 0x09, 0x58, 0x00, 0xF9, 0x00, 0x0A, 0x13, 0xFF
  .byte 0x92, 0x88, 0xDC, 0x00, 0x03, 0x00, 0x20, 0x45, 0x28, 0xF9, 0x00, 0x09, 0x06, 0xFF
  .byte 0x62, 0xA4, 0xC5, 0xA8, 0x02, 0x00, 0x20, 0x29, 0xF9, 0x00, 0x02, 0x0D, 0xF9, 0x00, 0x07, 0xC2, 0xFF
  .byte 0xC5, 0x8C, 0xC5, 0x99, 0x02, 0x00, 0x20, 0x38, 0xF9, 0x00, 0x0F, 0x80, 0xFF
; bucket 0x21 (6 entries)
  .byte 0x1D, 0xE1, 0x19, 0xF7, 0x09, 0x00, 0x21, 0x0C, 0x14, 0x28, 0x0C, 0x36, 0x03, 0x18, 0x2E, 0xF9, 0x00, 0x01, 0xD1, 0xF9, 0x00, 0x02, 0x68, 0xF9, 0x00, 0x0B, 0xB7, 0xF9, 0x00, 0x09, 0xE0, 0xFF
  .byte 0x9C, 0xD1, 0x85, 0x87, 0x03, 0x00, 0x21, 0x0D, 0x47, 0xF9, 0x00, 0x08, 0x7D, 0xF9, 0x00, 0x0D, 0xD9, 0xFF
  .byte 0xBB, 0x74, 0x85, 0x4C, 0x03, 0x00, 0x21, 0x0D, 0x0A, 0xF9, 0x00, 0x03, 0x9E, 0xF9, 0x00, 0x11, 0x0B, 0xFF
  .byte 0xC3, 0x35, 0x85, 0x24, 0x03, 0x00, 0x21, 0x0D, 0x22, 0xF9, 0x00, 0x0A, 0x0B, 0xF9, 0x00, 0x03, 0x9E, 0xFF
  .byte 0xAA, 0x6D, 0xC3, 0xAD, 0x02, 0x00, 0x21, 0x02, 0xF9, 0x00, 0x02, 0x68, 0xFF
  .byte 0x03, 0x40, 0xC3, 0x90, 0x02, 0x00, 0x21, 0x3D, 0xF9, 0x00, 0x01, 0xE5, 0xF9, 0x00, 0x05, 0x16, 0xFF
; bucket 0x23 (2 entries)
  .byte 0x54, 0xEB, 0x18, 0x8C, 0x03, 0x00, 0x23, 0x45, 0x29, 0xF9, 0x00, 0x03, 0xB8, 0xF9, 0x00, 0x05, 0x65, 0xFF
  .byte 0x4E, 0x9E, 0xC8, 0x1F, 0x02, 0x00, 0x23, 0x28, 0xF9, 0x00, 0x0B, 0x8B, 0xF9, 0x00, 0x08, 0xA9, 0xFF
; bucket 0x24 (6 entries)
  .byte 0xDD, 0x28, 0x55, 0x20, 0x05, 0x00, 0x24, 0x1F, 0x05, 0x14, 0x0A, 0xF9, 0x00, 0x03, 0x0E, 0xF9, 0x00, 0x0B, 0x9B, 0xF9, 0x00, 0x09, 0xC6, 0xFF
  .byte 0x2C, 0x4A, 0x74, 0x82, 0x04, 0x00, 0x24, 0x00, 0x05, 0x00, 0xF9, 0x00, 0x0E, 0xB0, 0x00, 0xF9, 0x00, 0x0A, 0x13, 0xFF
  .byte 0x5E, 0x8F, 0x98, 0x46, 0x03, 0x00, 0x24, 0x22, 0x29, 0xF9, 0x00, 0x0B, 0x21, 0xF9, 0x00, 0x0E, 0x28, 0xFF
  .byte 0xCE, 0x08, 0x08, 0xEE, 0x03, 0x00, 0x24, 0x0D, 0x20, 0xF9, 0x00, 0x0E, 0x68, 0xF9, 0x00, 0x0D, 0xC6, 0xFF
  .byte 0x51, 0x83, 0xFD, 0xF2, 0x03, 0x00, 0x24, 0x09, 0x45, 0xF9, 0x00, 0x10, 0xF5, 0xF9, 0x00, 0x0B, 0xA9, 0xFF
  .byte 0x23, 0xF8, 0xBB, 0x37, 0x02, 0x00, 0x24, 0x02, 0xF9, 0x00, 0x05, 0x08, 0xFF
; bucket 0x25 (2 entries)
  .byte 0x89, 0x20, 0x61, 0x5D, 0x0C, 0x00, 0x25, 0x09, 0x50, 0xAB, 0x00, 0xFD, 0x02, 0x14, 0x00, 0xFD, 0x04, 0xAB, 0xF9, 0x00, 0x0B, 0x25, 0xF9, 0x00, 0x01, 0x28, 0x3C, 0xFD, 0x02, 0xF9, 0x00, 0x04, 0xF3, 0xFD, 0x04, 0x3C, 0xFF
  .byte 0xEA, 0x6A, 0x7C, 0x0B, 0x08, 0x00, 0x25, 0x09, 0x50, 0xAB, 0x00, 0xFD, 0x02, 0xAB, 0xF9, 0x00, 0x0B, 0x25, 0xF9, 0x00, 0x01, 0x28, 0x3C, 0xFD, 0x02, 0x3C, 0xFF
; bucket 0x26 (1 entries)
  .byte 0x0B, 0x6D, 0xBC, 0xCA, 0x03, 0x00, 0x26, 0x03, 0x07, 0xF9, 0x00, 0x0C, 0x4F, 0xF9, 0x00, 0x08, 0x3F, 0xFF
; bucket 0x28 (1 entries)
  .byte 0xB0, 0x6B, 0x73, 0x14, 0x04, 0x00, 0x28, 0x00, 0x05, 0x00, 0xF9, 0x00, 0x08, 0x64, 0x00, 0xF9, 0x00, 0x0A, 0x13, 0xFF
; bucket 0x2C (4 entries)
  .byte 0xB4, 0x42, 0xD6, 0x03, 0x04, 0x00, 0x2C, 0x00, 0x05, 0x00, 0xF9, 0x00, 0x0D, 0x47, 0x00, 0xF9, 0x00, 0x0A, 0x13, 0xFF
  .byte 0x55, 0xA4, 0x8E, 0x4D, 0x03, 0x00, 0x2C, 0x3C, 0xA2, 0xF9, 0x00, 0x10, 0x43, 0xF9, 0x00, 0x0C, 0x02, 0xA2, 0xFF
  .byte 0xC2, 0xA2, 0x8E, 0x4C, 0x03, 0x00, 0x2C, 0x3C, 0xA3, 0xF9, 0x00, 0x10, 0x43, 0xF9, 0x00, 0x0C, 0x02, 0xA3, 0xFF
  .byte 0xD5, 0x13, 0xD0, 0x95, 0x02, 0x00, 0x2C, 0x3C, 0xF9, 0x00, 0x05, 0xA7, 0xF9, 0x00, 0x09, 0xD2, 0xFF
; bucket 0x30 (1 entries)
  .byte 0x38, 0x64, 0xD5, 0x95, 0x04, 0x00, 0x30, 0x00, 0x05, 0x00, 0xF9, 0x00, 0x0F, 0x11, 0x00, 0xF9, 0x00, 0x0A, 0x13, 0xFF
; bucket 0x34 (1 entries)
  .byte 0x3C, 0x3B, 0x38, 0x85, 0x04, 0x00, 0x34, 0x00, 0x05, 0x00, 0xF9, 0x00, 0x0E, 0xB0, 0x00, 0xF9, 0x00, 0x0A, 0x13, 0xFF
; bucket 0x38 (2 entries)
  .byte 0xC0, 0x5C, 0x37, 0x17, 0x04, 0x00, 0x38, 0x00, 0x05, 0x00, 0xF9, 0x00, 0x05, 0x95, 0x00, 0xF9, 0x00, 0x0A, 0x13, 0xFF
  .byte 0x4B, 0x94, 0x01, 0x84, 0x02, 0x00, 0x38, 0x2E, 0xF9, 0x00, 0x0F, 0x48, 0xFF
; bucket 0x3C (1 entries)
  .byte 0xC4, 0x33, 0x9A, 0x06, 0x04, 0x00, 0x3C, 0x00, 0x05, 0x00, 0xF9, 0x00, 0x10, 0x0F, 0x00, 0xF9, 0x00, 0x0A, 0x13, 0xFF
; bucket 0x3D (2 entries)
  .byte 0x92, 0x55, 0xCA, 0x34, 0x06, 0x00, 0x3D, 0x35, 0x08, 0x37, 0x04, 0x28, 0xF9, 0x00, 0x02, 0xB3, 0xF9, 0x00, 0x01, 0xD4, 0xF9, 0x00, 0x0D, 0xD4, 0xF9, 0x00, 0x01, 0x3F, 0xF9, 0x00, 0x05, 0x65, 0xF9, 0x00, 0x08, 0x29, 0xFF
  .byte 0x4C, 0x52, 0xB5, 0x90, 0x03, 0x00, 0x3D, 0x06, 0x2E, 0xF9, 0x00, 0x0B, 0xED, 0xF9, 0x00, 0x05, 0xCF, 0xFF
; bucket 0x3E (1 entries)
  .byte 0x11, 0x7F, 0x69, 0x59, 0x03, 0x00, 0x3E, 0x06, 0x2E, 0xF9, 0x00, 0x0D, 0x24, 0xF9, 0x00, 0x05, 0xE3, 0xFF
; bucket 0x40 (6 entries)
  .byte 0xA5, 0xE2, 0x71, 0xC3, 0x10, 0x00, 0x40, 0x00, 0x04, 0x00, 0x60, 0x00, 0x04, 0x00, 0x40, 0x00, 0x04, 0x00, 0x00, 0x00, 0x04, 0x00, 0xF9, 0x00, 0x11, 0x2C, 0xF9, 0x00, 0x05, 0x73, 0x00, 0xF9, 0x00, 0x0C, 0xA1, 0xF9, 0x00, 0x05, 0x73, 0x00, 0xF9, 0x00, 0x11, 0x2C, 0xF9, 0x00, 0x05, 0x73, 0x00, 0x00, 0x00, 0xF9, 0x00, 0x05, 0x73, 0xFF
  .byte 0x85, 0x00, 0xEA, 0xBD, 0x10, 0x00, 0x40, 0x00, 0x04, 0x00, 0x60, 0x00, 0x04, 0x00, 0x40, 0x00, 0x04, 0x00, 0x20, 0x00, 0x04, 0x00, 0xF9, 0x00, 0x11, 0x2C, 0xF9, 0x00, 0x05, 0x73, 0x00, 0xF9, 0x00, 0x0C, 0xA1, 0xF9, 0x00, 0x05, 0x73, 0x00, 0xF9, 0x00, 0x11, 0x2C, 0xF9, 0x00, 0x05, 0x73, 0x00, 0xF9, 0x00, 0x09, 0x58, 0xF9, 0x00, 0x05, 0x73, 0xFF
  .byte 0x25, 0xC2, 0xA8, 0xEA, 0x08, 0x00, 0x40, 0x00, 0x02, 0x00, 0x20, 0x00, 0x02, 0x00, 0xF9, 0x00, 0x11, 0x2C, 0xF9, 0x00, 0x05, 0x73, 0x00, 0xF9, 0x00, 0x09, 0x58, 0xF9, 0x00, 0x05, 0x73, 0xFF
  .byte 0x45, 0xA4, 0x30, 0xF0, 0x08, 0x00, 0x40, 0x00, 0x02, 0x00, 0x00, 0x00, 0x02, 0x00, 0xF9, 0x00, 0x11, 0x2C, 0xF9, 0x00, 0x05, 0x73, 0x00, 0x00, 0x00, 0xF9, 0x00, 0x05, 0x73, 0xFF
  .byte 0x65, 0x86, 0xB8, 0xF5, 0x08, 0x00, 0x40, 0x00, 0x02, 0x00, 0x60, 0x00, 0x02, 0x00, 0xF9, 0x00, 0x11, 0x2C, 0xF9, 0x00, 0x05, 0x73, 0x00, 0xF9, 0x00, 0x0C, 0xA1, 0xF9, 0x00, 0x05, 0x73, 0xFF
  .byte 0xC8, 0xCC, 0x79, 0x82, 0x04, 0x00, 0x40, 0x00, 0x05, 0x00, 0xF9, 0x00, 0x11, 0x2C, 0x00, 0xF9, 0x00, 0x0A, 0x13, 0xFF
; bucket 0x41 (2 entries)
  .byte 0x1D, 0xA5, 0x71, 0x27, 0x07, 0x00, 0x41, 0x02, 0x0D, 0x07, 0x58, 0x77, 0x98, 0xF9, 0x00, 0x11, 0x26, 0xF9, 0x00, 0x01, 0x0D, 0xF9, 0x00, 0x07, 0x93, 0xF9, 0x00, 0x08, 0x4B, 0xF9, 0x00, 0x01, 0xDA, 0xFF
  .byte 0xCC, 0xF6, 0x0B, 0xC4, 0x01, 0x00, 0x41, 0xF9, 0x00, 0x0C, 0x0C, 0xFF
; bucket 0x45 (2 entries)
  .byte 0x00, 0xBA, 0x89, 0x8F, 0x03, 0x00, 0x45, 0x03, 0x39, 0xF9, 0x00, 0x03, 0x07, 0xF9, 0x00, 0x07, 0x8F, 0xFF
  .byte 0x18, 0xA6, 0xCB, 0xDA, 0x02, 0x00, 0x45, 0x08, 0xF9, 0x00, 0x03, 0x63, 0xFF
; bucket 0x46 (1 entries)
  .byte 0x35, 0x4D, 0xE2, 0xE8, 0x03, 0x00, 0x46, 0x2E, 0x22, 0xF9, 0x00, 0x03, 0xAF, 0xFF
; bucket 0x47 (1 entries)
  .byte 0xC9, 0x8A, 0x19, 0x93, 0x03, 0x00, 0x47, 0x36, 0x03, 0xF9, 0x00, 0x09, 0x83, 0xFF
; bucket 0x4A (1 entries)
  .byte 0xD8, 0x6F, 0x49, 0xAA, 0x0D, 0x00, 0x4A, 0x01, 0x00, 0x00, 0x9F, 0x59, 0x73, 0x7E, 0x64, 0x7A, 0xAE, 0x65, 0xAE, 0xF9, 0x00, 0x01, 0xC3, 0xF9, 0x00, 0x0E, 0xB0, 0x00, 0xF9, 0x00, 0x01, 0x63, 0xF9, 0x00, 0x07, 0xD7, 0xF9, 0x00, 0x09, 0x66, 0xF9, 0x00, 0x0E, 0x9E, 0xF9, 0x00, 0x08, 0x8A, 0xF9, 0x00, 0x05, 0xBD, 0xFF
; bucket 0x50 (1 entries)
  .byte 0x94, 0xB8, 0xFF, 0xFD, 0x02, 0x00, 0x50, 0x13, 0xF9, 0x00, 0x07, 0x22, 0xF9, 0x00, 0x11, 0x2E, 0xFF
; bucket 0x51 (41 entries)
  .byte 0x09, 0xF4, 0x13, 0x5B, 0x09, 0x00, 0x51, 0x58, 0x51, 0x41, 0x2E, 0x78, 0xAE, 0x91, 0xAE, 0xF9, 0x00, 0x0C, 0x51, 0xF9, 0x00, 0x05, 0xEB, 0xF9, 0x00, 0x03, 0x78, 0xF9, 0x00, 0x0C, 0x1C, 0xF9, 0x00, 0x08, 0xBF, 0xFF
  .byte 0xA5, 0x4C, 0xED, 0x5B, 0x09, 0x00, 0x51, 0x7B, 0x6F, 0x15, 0x05, 0x18, 0x04, 0x0B, 0x2E, 0xF9, 0x00, 0x0E, 0x10, 0xF9, 0x00, 0x03, 0xD8, 0xF9, 0x00, 0x07, 0x35, 0xF9, 0x00, 0x07, 0x35, 0xFF
  .byte 0x20, 0x4B, 0x5A, 0x88, 0x08, 0x00, 0x51, 0x58, 0x51, 0x41, 0x2E, 0x06, 0x2E, 0x48, 0xF9, 0x00, 0x0C, 0x51, 0xF9, 0x00, 0x05, 0xEB, 0xF9, 0x00, 0x03, 0x78, 0xF9, 0x00, 0x04, 0x33, 0xF9, 0x00, 0x01, 0xDA, 0xFF
  .byte 0xBC, 0x2F, 0xEF, 0xD5, 0x05, 0x00, 0x51, 0xAE, 0x9A, 0xA0, 0x58, 0xF9, 0x00, 0x01, 0x01, 0xF9, 0x00, 0x01, 0x37, 0xF9, 0x00, 0x04, 0x9E, 0xFF
  .byte 0x1B, 0x9D, 0xA4, 0x5A, 0x05, 0x00, 0x51, 0x8E, 0x6F, 0x55, 0x53, 0xF9, 0x00, 0x07, 0x42, 0xF9, 0x00, 0x0F, 0x91, 0xF9, 0x00, 0x0D, 0x5D, 0xFF
  .byte 0xE6, 0xDE, 0xFE, 0x00, 0x05, 0x00, 0x51, 0x78, 0x8A, 0x52, 0x62, 0xF9, 0x00, 0x08, 0x2B, 0xF9, 0x00, 0x1D, 0xF1, 0xFF
  .byte 0x71, 0x63, 0x4C, 0x43, 0x05, 0x00, 0x51, 0x78, 0x51, 0x95, 0x5D, 0xF9, 0x00, 0x01, 0x01, 0xF9, 0x00, 0x08, 0x70, 0xF9, 0x00, 0x03, 0x85, 0xF9, 0x00, 0x0C, 0x5C, 0xFF
  .byte 0x55, 0xBA, 0xE2, 0x1A, 0x05, 0x00, 0x51, 0x7E, 0x69, 0xAE, 0x7E, 0xF9, 0x00, 0x0D, 0x7A, 0xF9, 0x00, 0x10, 0x7B, 0xF9, 0x00, 0x0D, 0x24, 0xF9, 0x00, 0x0C, 0xDB, 0xFF
  .byte 0xA2, 0xC7, 0x59, 0xE8, 0x05, 0x00, 0x51, 0x8A, 0x6A, 0x7E, 0x64, 0xF9, 0x00, 0x14, 0xF1, 0xF9, 0x00, 0x08, 0xA7, 0xF9, 0x00, 0x03, 0xF2, 0xF9, 0x00, 0x03, 0x42, 0xFF
  .byte 0xD6, 0xF7, 0x74, 0x7C, 0x05, 0x00, 0x51, 0x72, 0x73, 0xAE, 0x5D, 0xF9, 0x00, 0x0F, 0x98, 0xF9, 0x00, 0x02, 0x63, 0xF9, 0x00, 0x03, 0x8F, 0xFF
  .byte 0xC9, 0x8A, 0xB6, 0x37, 0x05, 0x00, 0x51, 0xAE, 0x6F, 0x79, 0x95, 0xF9, 0x00, 0x0C, 0xAC, 0xF9, 0x00, 0x04, 0x8D, 0xF9, 0x00, 0x08, 0x0F, 0xF9, 0x00, 0x05, 0xC2, 0xFF
  .byte 0x54, 0xE9, 0x33, 0x27, 0x05, 0x00, 0x51, 0x58, 0x51, 0x41, 0x2E, 0xF9, 0x00, 0x0C, 0x51, 0xF9, 0x00, 0x05, 0xEB, 0xF9, 0x00, 0x03, 0x78, 0xFF
  .byte 0xB8, 0x98, 0x4B, 0xEC, 0x05, 0x00, 0x51, 0x74, 0x14, 0x6C, 0x70, 0xF9, 0x00, 0x0E, 0xB0, 0xF9, 0x00, 0x0F, 0x09, 0xF9, 0x00, 0x04, 0xF3, 0xF9, 0x00, 0x0D, 0x8A, 0xFF
  .byte 0x5E, 0x24, 0xB5, 0x55, 0x04, 0x00, 0x51, 0x61, 0x84, 0x73, 0xF9, 0x00, 0x05, 0x7D, 0xF9, 0x00, 0x10, 0x9A, 0xF9, 0x00, 0x05, 0x91, 0xFF
  .byte 0x23, 0x79, 0xEA, 0xFF, 0x04, 0x00, 0x51, 0x72, 0x60, 0x6F, 0xF9, 0x00, 0x08, 0xC2, 0xF9, 0x00, 0x08, 0xC2, 0xF9, 0x00, 0x0C, 0xC8, 0xF9, 0x00, 0x0B, 0x14, 0xFF
  .byte 0xDA, 0xD5, 0x8A, 0x8F, 0x04, 0x00, 0x51, 0x5B, 0x65, 0x7E, 0xF9, 0x00, 0x09, 0x24, 0xF9, 0x00, 0x0B, 0x91, 0xF9, 0x00, 0x09, 0xBD, 0xFF
  .byte 0x90, 0x05, 0x96, 0x0A, 0x04, 0x00, 0x51, 0x98, 0x5F, 0x79, 0xF9, 0x00, 0x01, 0x01, 0xF9, 0x00, 0x01, 0xC5, 0xF9, 0x00, 0x0C, 0x96, 0xF9, 0x00, 0x08, 0xE4, 0xFF
  .byte 0x51, 0x84, 0x15, 0xCA, 0x04, 0x00, 0x51, 0x69, 0x9D, 0x5D, 0xF9, 0x00, 0x0C, 0xAC, 0xF9, 0x00, 0x04, 0x8D, 0xF9, 0x00, 0x0F, 0x9E, 0xF9, 0x00, 0x02, 0x68, 0xFF
  .byte 0x53, 0x2F, 0x7B, 0x67, 0x04, 0x00, 0x51, 0x55, 0x88, 0x78, 0xF9, 0x00, 0x0C, 0x51, 0xF9, 0x00, 0x0D, 0xA6, 0xF9, 0x00, 0x0D, 0x11, 0xFF
  .byte 0xFE, 0xEE, 0x84, 0x3E, 0x04, 0x00, 0x51, 0x57, 0x6B, 0x64, 0xF9, 0x00, 0x09, 0x8F, 0xF9, 0x00, 0x0B, 0x4A, 0xFF
  .byte 0x1C, 0x31, 0x85, 0x68, 0x04, 0x00, 0x51, 0x57, 0x6B, 0x5A, 0xF9, 0x00, 0x10, 0x44, 0xF9, 0x00, 0x0E, 0xCE, 0xFF
  .byte 0x73, 0x20, 0x8E, 0x61, 0x04, 0x00, 0x51, 0x57, 0x6F, 0x5B, 0xF9, 0x00, 0x10, 0x44, 0xF9, 0x00, 0x10, 0x71, 0xFF
  .byte 0x64, 0x16, 0xE4, 0x78, 0x03, 0x00, 0x51, 0xAE, 0x9A, 0xF9, 0x00, 0x01, 0x01, 0xF9, 0x00, 0x01, 0x37, 0xF9, 0x00, 0x0B, 0xBD, 0xFF
  .byte 0xC1, 0xF4, 0x6B, 0x5D, 0x03, 0x00, 0x51, 0x75, 0x70, 0xF9, 0x00, 0x01, 0xD8, 0xF9, 0x00, 0x09, 0x58, 0xFF
  .byte 0xCA, 0x83, 0x69, 0x3D, 0x03, 0x00, 0x51, 0x74, 0x56, 0xF9, 0x00, 0x16, 0xF1, 0xF9, 0x00, 0x0E, 0x10, 0xFF
  .byte 0xF9, 0x7D, 0x5A, 0x40, 0x03, 0x00, 0x51, 0x7E, 0x65, 0xF9, 0x00, 0x01, 0x11, 0xF9, 0x00, 0x09, 0xBE, 0xFF
  .byte 0xD6, 0xCF, 0xC6, 0x53, 0x03, 0x00, 0x51, 0x52, 0x78, 0xF9, 0x00, 0x01, 0x0D, 0xF9, 0x00, 0x08, 0x62, 0xFF
  .byte 0x8F, 0x83, 0xB5, 0x51, 0x03, 0x00, 0x51, 0x5B, 0x70, 0xF9, 0x00, 0x09, 0x23, 0xF9, 0x00, 0x09, 0x58, 0xFF
  .byte 0x7D, 0x68, 0x70, 0x57, 0x03, 0x00, 0x51, 0x77, 0x7E, 0xF9, 0x00, 0x01, 0x0B, 0xF9, 0x00, 0x09, 0x11, 0xFF
  .byte 0x32, 0x0C, 0xC0, 0x4E, 0x03, 0x00, 0x51, 0x57, 0x77, 0xF9, 0x00, 0x01, 0x01, 0xF9, 0x00, 0x05, 0x86, 0xF9, 0x00, 0x08, 0x22, 0xFF
  .byte 0xCF, 0x23, 0xC0, 0x5D, 0x03, 0x00, 0x51, 0x57, 0x64, 0xF9, 0x00, 0x0B, 0x11, 0xF9, 0x00, 0x0B, 0x4B, 0xFF
  .byte 0x3F, 0xA8, 0xA6, 0x6F, 0x03, 0x00, 0x51, 0x5D, 0x56, 0xF9, 0x00, 0x03, 0xCC, 0xF9, 0x00, 0x09, 0xE7, 0xFF
  .byte 0xA2, 0x90, 0xA6, 0x60, 0x03, 0x00, 0x51, 0x5D, 0x65, 0xF9, 0x00, 0x0E, 0xB0, 0xF9, 0x00, 0x0B, 0x8D, 0xFF
  .byte 0xFF, 0x3C, 0xC0, 0x6D, 0x03, 0x00, 0x51, 0x57, 0x54, 0xF9, 0x00, 0x09, 0x8F, 0xF9, 0x00, 0x05, 0x73, 0xFF
  .byte 0x6E, 0xDC, 0xC6, 0x5B, 0x03, 0x00, 0x51, 0x52, 0x70, 0xF9, 0x00, 0x01, 0x0D, 0xF9, 0x00, 0x09, 0x58, 0xFF
  .byte 0xA0, 0xEF, 0x9F, 0x71, 0x03, 0x00, 0x51, 0x62, 0x5A, 0xF9, 0x00, 0x0B, 0x48, 0xF9, 0x00, 0x11, 0x0B, 0xFF
  .byte 0x6C, 0x3B, 0xC0, 0x6C, 0x03, 0x00, 0x51, 0x57, 0x55, 0xF9, 0x00, 0x10, 0x44, 0xF9, 0x00, 0x03, 0xF5, 0xFF
  .byte 0xC7, 0x11, 0xAF, 0x80, 0x03, 0x00, 0x51, 0x58, 0x51, 0xF9, 0x00, 0x0C, 0x51, 0xF9, 0x00, 0x05, 0xEB, 0xF9, 0x00, 0x03, 0x78, 0xFF
  .byte 0x10, 0xFF, 0xC6, 0x71, 0x03, 0x00, 0x51, 0x52, 0x5A, 0xF9, 0x00, 0x01, 0x0D, 0xF9, 0x00, 0x11, 0x0B, 0xFF
  .byte 0x85, 0x9E, 0x2F, 0x41, 0x03, 0x00, 0x51, 0x8D, 0x64, 0xF9, 0x00, 0x07, 0x8D, 0xF9, 0x00, 0x03, 0x2A, 0xFF
  .byte 0x31, 0xAA, 0xFC, 0x79, 0x02, 0x00, 0x51, 0x57, 0xF9, 0x00, 0x09, 0x8F, 0xFF
; bucket 0x52 (15 entries)
  .byte 0xB0, 0x09, 0xDF, 0x77, 0x07, 0x00, 0x52, 0x7E, 0x60, 0x97, 0x85, 0x51, 0xAE, 0xF9, 0x00, 0x01, 0xE4, 0xF9, 0x00, 0x03, 0xC6, 0xF9, 0x00, 0x10, 0x52, 0xFF
  .byte 0xBE, 0x5C, 0xAB, 0x20, 0x05, 0x00, 0x52, 0x5C, 0x62, 0x98, 0x63, 0xF9, 0x00, 0x0E, 0x2C, 0xF9, 0x00, 0x0B, 0x2D, 0xF9, 0x00, 0x0B, 0xEB, 0xFF
  .byte 0x1B, 0x8E, 0x11, 0xA7, 0x05, 0x00, 0x52, 0x79, 0x70, 0xAE, 0x8F, 0xF9, 0x00, 0x0C, 0xF1, 0xF9, 0x00, 0x0C, 0xF1, 0xF9, 0x00, 0x0F, 0x57, 0xFF
  .byte 0xC5, 0xE9, 0x87, 0x52, 0x04, 0x00, 0x52, 0x7C, 0xAE, 0x58, 0xF9, 0x00, 0x02, 0xD3, 0xF9, 0x00, 0x0E, 0xBB, 0xF9, 0x00, 0x0B, 0xBD, 0xFF
  .byte 0x2B, 0x89, 0xD8, 0x49, 0x04, 0x00, 0x52, 0xAE, 0x98, 0x52, 0xF9, 0x00, 0x0F, 0x11, 0xF9, 0x00, 0x01, 0xD7, 0xFF
  .byte 0xC7, 0x2F, 0xE3, 0xD4, 0x04, 0x00, 0x52, 0x64, 0x6F, 0x79, 0xF9, 0x00, 0x0F, 0xBE, 0xF9, 0x00, 0x0C, 0x62, 0xF9, 0x00, 0x10, 0xBC, 0xFF
  .byte 0x43, 0xF8, 0x53, 0xD0, 0x04, 0x00, 0x52, 0x69, 0x71, 0xAE, 0xF9, 0x00, 0x02, 0x26, 0xF9, 0x00, 0x09, 0x43, 0xF9, 0x00, 0x10, 0xBE, 0xFF
  .byte 0x43, 0xEC, 0x0D, 0x90, 0x03, 0x00, 0x52, 0x8E, 0x70, 0xF9, 0x00, 0x0B, 0x2A, 0xFF
  .byte 0x9A, 0x09, 0x6E, 0xC8, 0x03, 0x00, 0x52, 0x7C, 0x55, 0xF9, 0x00, 0x0E, 0xBB, 0xF9, 0x00, 0x09, 0xC6, 0xFF
  .byte 0x25, 0x05, 0xC8, 0x9D, 0x03, 0x00, 0x52, 0x58, 0x70, 0xF9, 0x00, 0x0F, 0x11, 0xF9, 0x00, 0x07, 0xF0, 0xF9, 0x00, 0x09, 0x6F, 0xFF
  .byte 0xC1, 0x4E, 0xCA, 0xA4, 0x03, 0x00, 0x52, 0x5B, 0x71, 0xF9, 0x00, 0x0F, 0x70, 0xFF
  .byte 0x6D, 0x87, 0xCA, 0xC8, 0x03, 0x00, 0x52, 0x5B, 0x55, 0xF9, 0x00, 0x04, 0x6E, 0xF9, 0x00, 0x0E, 0x66, 0xFF
  .byte 0xE6, 0xCA, 0xC7, 0x78, 0x03, 0x00, 0x52, 0x58, 0x55, 0xF9, 0x00, 0x0F, 0xA2, 0xF9, 0x00, 0x03, 0xF5, 0xFF
  .byte 0x79, 0xCC, 0xC7, 0x79, 0x03, 0x00, 0x52, 0x58, 0x54, 0xF9, 0x00, 0x0F, 0xA2, 0xF9, 0x00, 0x05, 0x6A, 0xFF
  .byte 0xEC, 0xE2, 0x04, 0x6C, 0x02, 0x00, 0x52, 0x51, 0xF9, 0x00, 0x0F, 0x11, 0xF9, 0x00, 0x0E, 0xB0, 0xFF
; bucket 0x53 (10 entries)
  .byte 0xAE, 0x05, 0xA0, 0xA5, 0x05, 0x00, 0x53, 0x52, 0x7E, 0x94, 0x80, 0xF9, 0x00, 0x03, 0xEA, 0xF9, 0x00, 0x0C, 0x7C, 0xF9, 0x00, 0x04, 0x7F, 0xFF
  .byte 0x2A, 0xB3, 0x12, 0x11, 0x05, 0x00, 0x53, 0x62, 0x9A, 0xA0, 0x64, 0xF9, 0x00, 0x02, 0xD3, 0xF9, 0x00, 0x0B, 0xEF, 0xF9, 0x00, 0x05, 0x35, 0xFF
  .byte 0x08, 0x3E, 0x51, 0xD3, 0x05, 0x00, 0x53, 0x5F, 0xA0, 0x57, 0xAE, 0xF9, 0x00, 0x0C, 0x3C, 0xF9, 0x00, 0x01, 0xE0, 0xF9, 0x00, 0x04, 0x9E, 0xFF
  .byte 0xCB, 0x0F, 0x30, 0xAB, 0x05, 0x00, 0x53, 0x7E, 0x5C, 0x86, 0x53, 0xF9, 0x00, 0x0F, 0xD2, 0xF9, 0x00, 0x0E, 0x15, 0xFF
  .byte 0xA3, 0x0A, 0x76, 0xF1, 0x04, 0x00, 0x53, 0x62, 0x95, 0x7E, 0xF9, 0x00, 0x07, 0xE8, 0xF9, 0x00, 0x02, 0xD4, 0xF9, 0x00, 0x05, 0x35, 0xFF
  .byte 0x99, 0xF3, 0x67, 0x32, 0x04, 0x00, 0x53, 0x78, 0x71, 0xAE, 0xF9, 0x00, 0x0E, 0x2C, 0xF9, 0x00, 0x0B, 0x9B, 0xF9, 0x00, 0x10, 0xBE, 0xFF
  .byte 0x8F, 0xCE, 0xCC, 0x83, 0x03, 0x00, 0x53, 0x9B, 0xAE, 0xF9, 0x00, 0x0D, 0xA0, 0xF9, 0x00, 0x01, 0xC3, 0xFF
  .byte 0x9D, 0x94, 0x39, 0x1C, 0x03, 0x00, 0x53, 0x5C, 0x55, 0xF9, 0x00, 0x02, 0x33, 0xFF
  .byte 0xA1, 0x34, 0x24, 0x5D, 0x03, 0x00, 0x53, 0x57, 0x54, 0xF9, 0x00, 0x04, 0x0B, 0xF9, 0x00, 0x05, 0x73, 0xFF
  .byte 0xCE, 0x0D, 0x03, 0xAF, 0x02, 0x00, 0x53, 0x98, 0xF9, 0x00, 0x0D, 0xA0, 0xF9, 0x00, 0x01, 0xD7, 0xFF
; bucket 0x54 (17 entries)
  .byte 0x06, 0x91, 0x15, 0x7A, 0x09, 0x00, 0x54, 0x78, 0xAE, 0x64, 0x64, 0x7A, 0xAE, 0x65, 0xAE, 0xF9, 0x00, 0x07, 0x5B, 0xF9, 0x00, 0x0F, 0x50, 0xF9, 0x00, 0x0E, 0x9E, 0xF9, 0x00, 0x08, 0x8A, 0xF9, 0x00, 0x05, 0xBD, 0xFF
  .byte 0xE1, 0xE6, 0xA9, 0x6C, 0x05, 0x00, 0x54, 0x97, 0x7C, 0x77, 0xAE, 0xF9, 0x00, 0x08, 0x03, 0xF9, 0x00, 0x0B, 0x2D, 0xF9, 0x00, 0x08, 0x3E, 0xFF
  .byte 0x4A, 0x8E, 0xD8, 0xE5, 0x05, 0x00, 0x54, 0x51, 0xAE, 0x71, 0x95, 0xF9, 0x00, 0x08, 0x0F, 0xF9, 0x00, 0x05, 0xC2, 0xF9, 0x00, 0x09, 0xE7, 0xFF
  .byte 0xBB, 0x7A, 0x95, 0xEC, 0x05, 0x00, 0x54, 0x7A, 0x57, 0xA0, 0x95, 0xF9, 0x00, 0x03, 0x2E, 0xF9, 0x00, 0x05, 0x84, 0xF9, 0x00, 0x04, 0x9E, 0xFF
  .byte 0x9F, 0xBC, 0x35, 0x30, 0x05, 0x00, 0x54, 0x68, 0x5A, 0x7B, 0x7B, 0xF9, 0x00, 0x0F, 0x73, 0xF9, 0x00, 0x0E, 0xAE, 0xF9, 0x00, 0x09, 0x40, 0xFF
  .byte 0x15, 0x6F, 0x1E, 0x9A, 0x04, 0x00, 0x54, 0x7A, 0x98, 0xAE, 0xF9, 0x00, 0x03, 0x2E, 0xF9, 0x00, 0x05, 0x84, 0xF9, 0x00, 0x0C, 0x23, 0xFF
  .byte 0xFB, 0xA8, 0x81, 0x47, 0x04, 0x00, 0x54, 0x52, 0x9B, 0x71, 0xF9, 0x00, 0x02, 0x26, 0xF9, 0x00, 0x0D, 0x78, 0xF9, 0x00, 0x04, 0x9E, 0xF9, 0x00, 0x0C, 0x1B, 0xFF
  .byte 0xF3, 0x3C, 0xC3, 0x20, 0x04, 0x00, 0x54, 0xAE, 0x6C, 0x80, 0xF9, 0x00, 0x0C, 0xAC, 0xF9, 0x00, 0x0E, 0xDD, 0xF9, 0x00, 0x0F, 0x11, 0xF9, 0x00, 0x01, 0xD7, 0xFF
  .byte 0x9A, 0x21, 0x17, 0x2A, 0x04, 0x00, 0x54, 0x7E, 0x63, 0x52, 0xF9, 0x00, 0x0E, 0xC0, 0xF9, 0x00, 0x03, 0x22, 0xFF
  .byte 0x86, 0x04, 0x0E, 0x2C, 0x04, 0x00, 0x54, 0x52, 0x52, 0x61, 0xF9, 0x00, 0x0B, 0x59, 0xF9, 0x00, 0x0F, 0x0B, 0xFF
  .byte 0x59, 0xB0, 0x2E, 0x64, 0x04, 0x00, 0x54, 0x52, 0x5D, 0x59, 0xF9, 0x00, 0x0F, 0x50, 0xF9, 0x00, 0x07, 0x3B, 0xFF
  .byte 0xF1, 0x6D, 0x99, 0x2D, 0x03, 0x00, 0x54, 0x68, 0x5A, 0xF9, 0x00, 0x0E, 0x1F, 0xF9, 0x00, 0x0D, 0x78, 0xF9, 0x00, 0x14, 0x35, 0xFF
  .byte 0x61, 0x7D, 0xC0, 0x2D, 0x03, 0x00, 0x54, 0x78, 0x5A, 0xF9, 0x00, 0x05, 0x73, 0xF9, 0x00, 0x08, 0x64, 0xF9, 0x00, 0x11, 0x0B, 0xFF
  .byte 0xAF, 0x1A, 0x44, 0xFD, 0x03, 0x00, 0x54, 0x94, 0x80, 0xF9, 0x00, 0x01, 0x0B, 0xF9, 0x00, 0x03, 0x16, 0xFF
  .byte 0xCA, 0xEB, 0x57, 0xA2, 0x03, 0x00, 0x54, 0x52, 0x8D, 0xF9, 0x00, 0x0F, 0x50, 0xF9, 0x00, 0x03, 0xA3, 0xFF
  .byte 0x0B, 0xD6, 0x7F, 0x2D, 0x03, 0x00, 0x54, 0x62, 0x5A, 0xF9, 0x00, 0x0F, 0xCF, 0xF9, 0x00, 0x11, 0x0B, 0xFF
  .byte 0xE1, 0xAD, 0xF5, 0x50, 0x02, 0x00, 0x54, 0x78, 0xF9, 0x00, 0x05, 0x73, 0xF9, 0x00, 0x08, 0x64, 0xFF
; bucket 0x55 (18 entries)
  .byte 0xD9, 0x06, 0x3F, 0x27, 0x07, 0x00, 0x55, 0x56, 0x79, 0x64, 0x6F, 0x66, 0x51, 0xF9, 0x00, 0x08, 0xBC, 0xF9, 0x00, 0x0F, 0x3C, 0xF9, 0x00, 0x09, 0x6C, 0xFF
  .byte 0x71, 0x52, 0x20, 0x93, 0x05, 0x00, 0x55, 0x66, 0x5D, 0x8E, 0x72, 0xF9, 0x00, 0x08, 0xA5, 0xF9, 0x00, 0x0B, 0x38, 0xFF
  .byte 0xEA, 0xFF, 0x2F, 0xF4, 0x05, 0x00, 0x55, 0x66, 0x95, 0x78, 0x79, 0xF9, 0x00, 0x02, 0xD3, 0xF9, 0x00, 0x11, 0x24, 0xF9, 0x00, 0x0B, 0x38, 0xFF
  .byte 0x39, 0xD3, 0xDD, 0x28, 0x05, 0x00, 0x55, 0x5A, 0x78, 0x8C, 0x79, 0xF9, 0x00, 0x05, 0x7D, 0xF9, 0x00, 0x01, 0x66, 0xF9, 0x00, 0x05, 0x1E, 0xFF
  .byte 0x7C, 0x90, 0xFD, 0xDC, 0x05, 0x00, 0x55, 0x71, 0x65, 0x52, 0x64, 0xF9, 0x00, 0x07, 0x85, 0xF9, 0x00, 0x0B, 0xEB, 0xF9, 0x00, 0x0C, 0x23, 0xFF
  .byte 0xD0, 0x9E, 0x1F, 0xA3, 0x05, 0x00, 0x55, 0x71, 0x5D, 0x60, 0xAE, 0xF9, 0x00, 0x03, 0x85, 0xF9, 0x00, 0x02, 0xAC, 0xF9, 0x00, 0x07, 0x85, 0xF9, 0x00, 0x0B, 0xEB, 0xF9, 0x00, 0x0C, 0x23, 0xFF
  .byte 0xE0, 0xAF, 0x83, 0xAF, 0x05, 0x00, 0x55, 0xAE, 0x91, 0x52, 0x79, 0xF9, 0x00, 0x02, 0xD3, 0xF9, 0x00, 0x08, 0x79, 0xF9, 0x00, 0x1D, 0xF1, 0xFF
  .byte 0xE6, 0x90, 0xA4, 0xBD, 0x05, 0x00, 0x55, 0x55, 0x5D, 0x96, 0x72, 0xF9, 0x00, 0x02, 0xD3, 0xF9, 0x00, 0x0D, 0x5D, 0xF9, 0x00, 0x0E, 0xC9, 0xFF
  .byte 0x05, 0x79, 0x72, 0x02, 0x05, 0x00, 0x55, 0x66, 0x8B, 0xAE, 0x78, 0xF9, 0x00, 0x01, 0xB6, 0xF9, 0x00, 0x04, 0xB5, 0xF9, 0x00, 0x05, 0x31, 0xFF
  .byte 0xC4, 0xE9, 0x41, 0x56, 0x04, 0x00, 0x55, 0x55, 0x60, 0x61, 0xF9, 0x00, 0x02, 0xD3, 0xF9, 0x00, 0x0D, 0x78, 0xF9, 0x00, 0x08, 0x75, 0xFF
  .byte 0x42, 0x19, 0x34, 0xA3, 0x04, 0x00, 0x55, 0x58, 0x60, 0x7E, 0xF9, 0x00, 0x10, 0x35, 0xF9, 0x00, 0x0F, 0x91, 0xF9, 0x00, 0x0D, 0x18, 0xFF
  .byte 0x5F, 0x3F, 0x82, 0x8F, 0x04, 0x00, 0x55, 0x95, 0x5C, 0x5C, 0xF9, 0x00, 0x07, 0x5A, 0xF9, 0x00, 0x07, 0x19, 0xF9, 0x00, 0x08, 0xEA, 0xFF
  .byte 0x06, 0xC1, 0x6B, 0x72, 0x04, 0x00, 0x55, 0x79, 0x5F, 0x7E, 0xF9, 0x00, 0x01, 0x21, 0xF9, 0x00, 0x03, 0xA0, 0xF9, 0x00, 0x0B, 0x8B, 0xFF
  .byte 0xC3, 0x90, 0x3C, 0xA6, 0x03, 0x00, 0x55, 0x60, 0x61, 0xF9, 0x00, 0x0D, 0x78, 0xF9, 0x00, 0x08, 0x75, 0xFF
  .byte 0x64, 0xDB, 0x28, 0x89, 0x03, 0x00, 0x55, 0x78, 0x54, 0xF9, 0x00, 0x10, 0x80, 0xF9, 0x00, 0x05, 0xF6, 0xFF
  .byte 0x80, 0x5D, 0x7F, 0x96, 0x03, 0x00, 0x55, 0x5B, 0x71, 0xF9, 0x00, 0x0E, 0x69, 0xFF
  .byte 0x80, 0x81, 0x2D, 0xA3, 0x03, 0x00, 0x55, 0x7A, 0x7E, 0xF9, 0x00, 0x01, 0x21, 0xF9, 0x00, 0x09, 0x11, 0xFF
  .byte 0x17, 0xA0, 0xF3, 0x6F, 0x02, 0x00, 0x55, 0x5D, 0xF9, 0x00, 0x0E, 0x66, 0xF9, 0x00, 0x0E, 0x5F, 0xFF
; bucket 0x56 (41 entries)
  .byte 0x36, 0x12, 0x79, 0x6A, 0x07, 0x00, 0x56, 0x61, 0x67, 0x57, 0x0B, 0x2E, 0x11, 0xF9, 0x00, 0x07, 0xB6, 0xF9, 0x00, 0x0A, 0xA1, 0xF9, 0x00, 0x0A, 0x09, 0xF9, 0x00, 0x05, 0x86, 0xF9, 0x00, 0x05, 0xBD, 0xFF
  .byte 0x04, 0x48, 0xB4, 0xCB, 0x05, 0x00, 0x56, 0x72, 0xA0, 0x58, 0x5D, 0xF9, 0x00, 0x0C, 0x51, 0xF9, 0x00, 0x05, 0xE8, 0xF9, 0x00, 0x04, 0xB2, 0xFF
  .byte 0xFE, 0xE3, 0xCB, 0xD7, 0x05, 0x00, 0x56, 0x52, 0x78, 0x57, 0xAE, 0xF9, 0x00, 0x04, 0x9E, 0xF9, 0x00, 0x08, 0x79, 0xFF
  .byte 0x0F, 0xD8, 0x69, 0xE2, 0x05, 0x00, 0x56, 0x98, 0x64, 0x9D, 0x5D, 0xF9, 0x00, 0x08, 0x80, 0xF9, 0x00, 0x02, 0xF4, 0xF9, 0x00, 0x08, 0x0F, 0xFF
  .byte 0x3C, 0x3F, 0x58, 0xF7, 0x05, 0x00, 0x56, 0x52, 0x78, 0x85, 0xAE, 0xF9, 0x00, 0x08, 0x03, 0xF9, 0x00, 0x08, 0xCD, 0xFF
  .byte 0x33, 0x00, 0x9C, 0xC2, 0x05, 0x00, 0x56, 0x9F, 0x54, 0x77, 0xAE, 0xF9, 0x00, 0x10, 0x30, 0xF9, 0x00, 0x0D, 0xAE, 0xF9, 0x00, 0x08, 0x3E, 0xFF
  .byte 0x24, 0x79, 0xCF, 0x28, 0x05, 0x00, 0x56, 0x77, 0x5B, 0x78, 0x5D, 0xF9, 0x00, 0x05, 0xC2, 0xF9, 0x00, 0x07, 0xD5, 0xF9, 0x00, 0x05, 0xD6, 0xFF
  .byte 0x5C, 0x12, 0xDF, 0x7C, 0x05, 0x00, 0x56, 0x58, 0x7A, 0x55, 0x7E, 0xF9, 0x00, 0x01, 0xA1, 0xF9, 0x00, 0x0F, 0x4E, 0xF9, 0x00, 0x08, 0xCD, 0xFF
  .byte 0x30, 0x71, 0x3C, 0x3D, 0x05, 0x00, 0x56, 0x8A, 0x9A, 0x53, 0x8E, 0xF9, 0x00, 0x0F, 0xC5, 0xF9, 0x00, 0x0F, 0x5E, 0xF9, 0x00, 0x0D, 0x46, 0xF9, 0x00, 0x0D, 0x46, 0xFF
  .byte 0xE3, 0xDA, 0x56, 0x8F, 0x05, 0x00, 0x56, 0x52, 0x55, 0xAE, 0x87, 0xF9, 0x00, 0x04, 0x31, 0xF9, 0x00, 0x0A, 0x14, 0xF9, 0x00, 0x07, 0xB6, 0xFF
  .byte 0xBB, 0x75, 0x65, 0xD7, 0x05, 0x00, 0x56, 0x77, 0x63, 0x05, 0x03, 0xF9, 0x00, 0x07, 0xE3, 0xF9, 0x00, 0x0C, 0x1B, 0xF9, 0x00, 0x03, 0x07, 0xF9, 0x00, 0x0D, 0x5D, 0xFF
  .byte 0x5C, 0xFA, 0x22, 0x12, 0x05, 0x00, 0x56, 0x6E, 0x14, 0x8D, 0x7E, 0xF9, 0x00, 0x0E, 0x10, 0xF9, 0x00, 0x0C, 0x8E, 0xF9, 0x00, 0x04, 0xF3, 0xF9, 0x00, 0x0B, 0x4A, 0xFF
  .byte 0xA7, 0x7C, 0xDC, 0x91, 0x05, 0x00, 0x56, 0x76, 0x14, 0x52, 0x76, 0xF9, 0x00, 0x05, 0xBC, 0xF9, 0x00, 0x02, 0xDA, 0xF9, 0x00, 0x04, 0xF3, 0xF9, 0x00, 0x0F, 0x11, 0xF9, 0x00, 0x02, 0xDA, 0xFF
  .byte 0x4E, 0x9C, 0xC9, 0xCC, 0x05, 0x00, 0x56, 0x62, 0x14, 0x51, 0x70, 0xF9, 0x00, 0x0B, 0xE0, 0xF9, 0x00, 0x04, 0xF3, 0xF9, 0x00, 0x0E, 0xB0, 0xF9, 0x00, 0x09, 0x58, 0xFF
  .byte 0xCC, 0x0E, 0xDB, 0xD2, 0x04, 0x00, 0x56, 0x72, 0xAE, 0x79, 0xF9, 0x00, 0x07, 0xB6, 0xF9, 0x00, 0x14, 0x22, 0xF9, 0x00, 0x04, 0xB2, 0xFF
  .byte 0x0E, 0xD8, 0xBD, 0x50, 0x04, 0x00, 0x56, 0x73, 0x68, 0x88, 0xF9, 0x00, 0x02, 0xD3, 0xF9, 0x00, 0x02, 0xB0, 0xF9, 0x00, 0x0E, 0xA5, 0xFF
  .byte 0x09, 0xB4, 0xD7, 0x10, 0x04, 0x00, 0x56, 0x77, 0x56, 0x77, 0xF9, 0x00, 0x07, 0xB6, 0xF9, 0x00, 0x08, 0x22, 0xF9, 0x00, 0x07, 0xB6, 0xF9, 0x00, 0x08, 0x22, 0xFF
  .byte 0x49, 0x1C, 0xCD, 0x8F, 0x04, 0x00, 0x56, 0x52, 0x7B, 0x5D, 0xF9, 0x00, 0x07, 0xBB, 0xF9, 0x00, 0x09, 0x18, 0xF9, 0x00, 0x0C, 0x5C, 0xFF
  .byte 0x47, 0x3C, 0xE5, 0x61, 0x04, 0x00, 0x56, 0x97, 0x8B, 0x7E, 0xF9, 0x00, 0x07, 0xB6, 0xF9, 0x00, 0x01, 0x85, 0xF9, 0x00, 0x0C, 0x23, 0xFF
  .byte 0x21, 0xC6, 0xCC, 0x2A, 0x04, 0x00, 0x56, 0x62, 0x75, 0x57, 0xF9, 0x00, 0x07, 0xD9, 0xF9, 0x00, 0x0E, 0x5D, 0xFF
  .byte 0x28, 0xBF, 0xC0, 0x92, 0x04, 0x00, 0x56, 0x8E, 0x65, 0x78, 0xF9, 0x00, 0x07, 0xB6, 0xF9, 0x00, 0x11, 0x00, 0xF9, 0x00, 0x09, 0xBF, 0xF9, 0x00, 0x08, 0x64, 0xFF
  .byte 0x49, 0x0C, 0xF6, 0x25, 0x04, 0x00, 0x56, 0x62, 0x64, 0x5C, 0xF9, 0x00, 0x0B, 0xE0, 0xF9, 0x00, 0x09, 0x8C, 0xFF
  .byte 0xF0, 0x18, 0xFE, 0xFB, 0x04, 0x00, 0x56, 0x62, 0x69, 0x78, 0xF9, 0x00, 0x07, 0xD9, 0xF9, 0x00, 0x05, 0xB8, 0xFF
  .byte 0x30, 0x22, 0xE3, 0x74, 0x04, 0x00, 0x56, 0x8E, 0x6B, 0x5A, 0xF9, 0x00, 0x04, 0xF3, 0xF9, 0x00, 0x0E, 0xCE, 0xFF
  .byte 0x48, 0xD6, 0x04, 0xFD, 0x04, 0x00, 0x56, 0x62, 0x6A, 0x79, 0xF9, 0x00, 0x02, 0x9A, 0xFF
  .byte 0x1E, 0x96, 0x02, 0xFC, 0x04, 0x00, 0x56, 0x62, 0x6B, 0x64, 0xF9, 0x00, 0x0B, 0xE0, 0xF9, 0x00, 0x0B, 0x4B, 0xFF
  .byte 0xD4, 0xE0, 0xDE, 0x9A, 0x04, 0x00, 0x56, 0x8E, 0x69, 0x78, 0xF9, 0x00, 0x04, 0xF3, 0xF9, 0x00, 0x05, 0xB8, 0xFF
  .byte 0x05, 0x6A, 0xF2, 0xD6, 0x03, 0x00, 0x56, 0x98, 0x64, 0xF9, 0x00, 0x05, 0x3C, 0xF9, 0x00, 0x0B, 0xEB, 0xF9, 0x00, 0x08, 0x0F, 0xFF
  .byte 0xFE, 0x6C, 0xDA, 0xDB, 0x03, 0x00, 0x56, 0x8E, 0x6F, 0xF9, 0x00, 0x04, 0xF3, 0xF9, 0x00, 0x10, 0x59, 0xFF
  .byte 0xCB, 0x3D, 0x15, 0xE4, 0x03, 0x00, 0x56, 0x59, 0x79, 0xF9, 0x00, 0x05, 0xC8, 0xFF
  .byte 0x4F, 0x7E, 0xDA, 0xE6, 0x03, 0x00, 0x56, 0x8E, 0x70, 0xF9, 0x00, 0x04, 0xF3, 0xF9, 0x00, 0x09, 0x58, 0xFF
  .byte 0xFB, 0xB6, 0xDA, 0x0A, 0x03, 0x00, 0x56, 0x8E, 0x5C, 0xF9, 0x00, 0x04, 0xF3, 0xF9, 0x00, 0x10, 0x8F, 0xFF
  .byte 0x77, 0xCC, 0x31, 0xEC, 0x03, 0x00, 0x56, 0x55, 0x79, 0xF9, 0x00, 0x13, 0x90, 0xFF
  .byte 0xE1, 0x19, 0xD0, 0x00, 0x03, 0x00, 0x56, 0x8A, 0x62, 0xF9, 0x00, 0x05, 0x35, 0xF9, 0x00, 0x0F, 0xCE, 0xFF
  .byte 0xF6, 0xAB, 0xDA, 0x03, 0x03, 0x00, 0x56, 0x8E, 0x57, 0xF9, 0x00, 0x04, 0xF3, 0xF9, 0x00, 0x0C, 0x3C, 0xFF
  .byte 0x4C, 0x87, 0xB8, 0xBF, 0x03, 0x00, 0x56, 0x62, 0x55, 0xF9, 0x00, 0x0B, 0xE0, 0xF9, 0x00, 0x0E, 0x66, 0xFF
  .byte 0xD0, 0xA8, 0xDA, 0x01, 0x03, 0x00, 0x56, 0x8E, 0x55, 0xF9, 0x00, 0x04, 0xF3, 0xF9, 0x00, 0x03, 0xF5, 0xFF
  .byte 0x3F, 0xBB, 0xB8, 0xE0, 0x03, 0x00, 0x56, 0x62, 0x74, 0xF9, 0x00, 0x0B, 0xE0, 0xF9, 0x00, 0x0F, 0x02, 0xFF
  .byte 0x96, 0xCA, 0xEB, 0xE8, 0x03, 0x00, 0x56, 0x87, 0x78, 0xF9, 0x00, 0x0F, 0x57, 0xFF
  .byte 0xF4, 0xB9, 0x2F, 0x08, 0x03, 0x00, 0x56, 0x52, 0x5D, 0xF9, 0x00, 0x05, 0x09, 0xF9, 0x00, 0x07, 0x42, 0xF9, 0x00, 0x0C, 0x15, 0xFF
  .byte 0xCC, 0x61, 0x2F, 0xD0, 0x03, 0x00, 0x56, 0x52, 0x65, 0xF9, 0x00, 0x07, 0xBB, 0xF9, 0x00, 0x09, 0xBE, 0xFF
; bucket 0x57 (18 entries)
  .byte 0x66, 0xC7, 0xC6, 0x01, 0x09, 0x00, 0x57, 0x84, 0x7E, 0x9D, 0x6C, 0x7F, 0x52, 0x74, 0xAE, 0xF9, 0x00, 0x1C, 0xC9, 0xF9, 0x00, 0x05, 0x7D, 0xFF
  .byte 0x43, 0xCD, 0x3D, 0x5D, 0x07, 0x00, 0x57, 0x84, 0x7E, 0x9D, 0x9A, 0xAE, 0x52, 0xF9, 0x00, 0x0F, 0x00, 0xF9, 0x00, 0x0F, 0x58, 0xF9, 0x00, 0x09, 0xC6, 0xF9, 0x00, 0x04, 0xC8, 0xFF
  .byte 0x3C, 0x65, 0x77, 0xBF, 0x05, 0x00, 0x57, 0x84, 0x60, 0x9C, 0xAE, 0xF9, 0x00, 0x09, 0x06, 0xF9, 0x00, 0x09, 0x43, 0xF9, 0x00, 0x02, 0x68, 0xFF
  .byte 0x66, 0x7B, 0xC5, 0x49, 0x05, 0x00, 0x57, 0x85, 0x53, 0x5A, 0x7E, 0xF9, 0x00, 0x07, 0x75, 0xF9, 0x00, 0x0D, 0x78, 0xFF
  .byte 0x96, 0xAE, 0x11, 0xED, 0x05, 0x00, 0x57, 0x7E, 0x89, 0x77, 0xAE, 0xF9, 0x00, 0x07, 0x8E, 0xF9, 0x00, 0x0A, 0xC8, 0xF9, 0x00, 0x0E, 0x42, 0xFF
  .byte 0x07, 0xF5, 0x64, 0x13, 0x05, 0x00, 0x57, 0x7A, 0x52, 0x6A, 0x65, 0xF9, 0x00, 0x09, 0x58, 0xF9, 0x00, 0x08, 0x6B, 0xF9, 0x00, 0x05, 0x35, 0xFF
  .byte 0x01, 0xC0, 0x29, 0x54, 0x05, 0x00, 0x57, 0x78, 0x7E, 0x78, 0x57, 0xF9, 0x00, 0x1E, 0x47, 0xF9, 0x00, 0x1E, 0x4A, 0xF9, 0x00, 0x0A, 0xA1, 0xFF
  .byte 0x6F, 0x23, 0x41, 0x18, 0x05, 0x00, 0x57, 0x7E, 0x89, 0x95, 0x77, 0xF9, 0x00, 0x02, 0xAC, 0xF9, 0x00, 0x08, 0xCD, 0xF9, 0x00, 0x0D, 0x5D, 0xFF
  .byte 0x53, 0xD9, 0x42, 0x83, 0x05, 0x00, 0x57, 0x69, 0x87, 0xA0, 0x5B, 0xF9, 0x00, 0x03, 0x5C, 0xF9, 0x00, 0x1C, 0xA7, 0xF9, 0x00, 0x04, 0x85, 0xFF
  .byte 0x87, 0xC5, 0xC0, 0xF2, 0x04, 0x00, 0x57, 0x6F, 0x7C, 0x78, 0xF9, 0x00, 0x0E, 0x1F, 0xF9, 0x00, 0x0B, 0x55, 0xF9, 0x00, 0x05, 0x35, 0xF9, 0x00, 0x04, 0x9E, 0xFF
  .byte 0x1D, 0x3D, 0xC2, 0x62, 0x04, 0x00, 0x57, 0x69, 0x5A, 0x5A, 0xF9, 0x00, 0x09, 0x98, 0xF9, 0x00, 0x09, 0x98, 0xF9, 0x00, 0x04, 0x85, 0xFF
  .byte 0xF7, 0x04, 0x94, 0x2C, 0x04, 0x00, 0x57, 0x84, 0x73, 0x72, 0xF9, 0x00, 0x02, 0x26, 0xF9, 0x00, 0x02, 0x63, 0xF9, 0x00, 0x0A, 0x15, 0xFF
  .byte 0xB9, 0x6B, 0x57, 0x4C, 0x04, 0x00, 0x57, 0x96, 0x66, 0x51, 0xF9, 0x00, 0x08, 0x70, 0xF9, 0x00, 0x0E, 0xA9, 0xF9, 0x00, 0x0F, 0x91, 0xFF
  .byte 0x8A, 0x33, 0x76, 0x9B, 0x04, 0x00, 0x57, 0x79, 0x78, 0x51, 0xF9, 0x00, 0x0A, 0xA1, 0xF9, 0x00, 0x08, 0xE4, 0xF9, 0x00, 0x08, 0x67, 0xF9, 0x00, 0x01, 0x11, 0xFF
  .byte 0x7C, 0xEA, 0x4A, 0x45, 0x04, 0x00, 0x57, 0x76, 0x6C, 0x70, 0xF9, 0x00, 0x05, 0x86, 0xF9, 0x00, 0x0F, 0xC8, 0xF9, 0x00, 0x04, 0x25, 0xF9, 0x00, 0x09, 0x6F, 0xFF
  .byte 0xD1, 0x7F, 0x48, 0x29, 0x04, 0x00, 0x57, 0x76, 0x6B, 0x5A, 0xF9, 0x00, 0x0B, 0x07, 0xF9, 0x00, 0x0E, 0xCE, 0xFF
  .byte 0x45, 0xDE, 0x41, 0x84, 0x03, 0x00, 0x57, 0x73, 0x78, 0xF9, 0x00, 0x09, 0xB4, 0xF9, 0x00, 0x0C, 0x1D, 0xF9, 0x00, 0x04, 0x74, 0xFF
  .byte 0xAF, 0x05, 0x4A, 0x6B, 0x03, 0x00, 0x57, 0x7E, 0x8D, 0xF9, 0x00, 0x07, 0x42, 0xF9, 0x00, 0x03, 0xA3, 0xFF
; bucket 0x58 (10 entries)
  .byte 0x77, 0xC5, 0xA9, 0xB9, 0x05, 0x00, 0x58, 0x5B, 0x52, 0x6A, 0x65, 0xF9, 0x00, 0x02, 0x76, 0xF9, 0x00, 0x02, 0x76, 0xF9, 0x00, 0x05, 0x35, 0xFF
  .byte 0x62, 0x1E, 0xF8, 0x23, 0x05, 0x00, 0x58, 0x7B, 0x96, 0xA0, 0x64, 0xF9, 0x00, 0x02, 0x0A, 0xF9, 0x00, 0x11, 0x0E, 0xF9, 0x00, 0x1C, 0x67, 0xFF
  .byte 0x4C, 0x1D, 0x33, 0xC0, 0x05, 0x00, 0x58, 0x67, 0x88, 0x91, 0x6F, 0xF9, 0x00, 0x17, 0xC0, 0xF9, 0x00, 0x04, 0xC3, 0xF9, 0x00, 0x0B, 0x14, 0xFF
  .byte 0x0A, 0xBA, 0x6B, 0x20, 0x05, 0x00, 0x58, 0x70, 0x14, 0x79, 0x70, 0xF9, 0x00, 0x07, 0x73, 0xF9, 0x00, 0x09, 0x58, 0xF9, 0x00, 0x04, 0xF3, 0xF9, 0x00, 0x08, 0xC7, 0xF9, 0x00, 0x09, 0x58, 0xFF
  .byte 0xD0, 0x10, 0xA3, 0x7B, 0x04, 0x00, 0x58, 0x61, 0xAE, 0x64, 0xF9, 0x00, 0x02, 0xD3, 0xF9, 0x00, 0x11, 0x24, 0xF9, 0x00, 0x0D, 0x46, 0xFF
  .byte 0x76, 0xDB, 0xD7, 0x6F, 0x04, 0x00, 0x58, 0x66, 0x6B, 0x5A, 0xF9, 0x00, 0x01, 0x4D, 0xF9, 0x00, 0x0E, 0xCE, 0xFF
  .byte 0xB8, 0xB8, 0x09, 0x05, 0x03, 0x00, 0x58, 0x77, 0x98, 0xF9, 0x00, 0x02, 0xD3, 0xF9, 0x00, 0x0A, 0xC8, 0xF9, 0x00, 0x0E, 0x42, 0xFF
  .byte 0x19, 0x17, 0xE5, 0x22, 0x03, 0x00, 0x58, 0x66, 0x70, 0xF9, 0x00, 0x04, 0xC2, 0xF9, 0x00, 0x05, 0xE6, 0xFF
  .byte 0x7D, 0x79, 0x1B, 0x51, 0x03, 0x00, 0x58, 0x70, 0x5A, 0xF9, 0x00, 0x07, 0x73, 0xF9, 0x00, 0x09, 0x58, 0xF9, 0x00, 0x11, 0x0B, 0xFF
  .byte 0xDE, 0xBB, 0x09, 0x07, 0x03, 0x00, 0x58, 0x77, 0x9A, 0xF9, 0x00, 0x07, 0xD9, 0xF9, 0x00, 0x08, 0x22, 0xF9, 0x00, 0x01, 0xC4, 0xFF
; bucket 0x59 (16 entries)
  .byte 0x2A, 0x68, 0xFD, 0x98, 0x05, 0x00, 0x59, 0x7E, 0x60, 0x7B, 0x5D, 0xF9, 0x00, 0x07, 0xDD, 0xF9, 0x00, 0x0C, 0xAA, 0xF9, 0x00, 0x09, 0x18, 0xFF
  .byte 0x1C, 0x6A, 0x5C, 0x34, 0x05, 0x00, 0x59, 0xA0, 0x57, 0x7E, 0x89, 0xF9, 0x00, 0x0B, 0x0D, 0xF9, 0x00, 0x05, 0xC4, 0xF9, 0x00, 0x0D, 0x5D, 0xFF
  .byte 0x20, 0x52, 0xFD, 0x8A, 0x05, 0x00, 0x59, 0x7E, 0x60, 0x7B, 0x53, 0xF9, 0x00, 0x05, 0xEA, 0xF9, 0x00, 0x0C, 0xAC, 0xF9, 0x00, 0x08, 0x3E, 0xFF
  .byte 0xE2, 0xEB, 0xD0, 0xEE, 0x04, 0x00, 0x59, 0xAE, 0x5C, 0x80, 0xF9, 0x00, 0x07, 0xBB, 0xF9, 0x00, 0x0D, 0xBD, 0xFF
  .byte 0x16, 0xEA, 0x6C, 0xE1, 0x04, 0x00, 0x59, 0x71, 0xA0, 0x5F, 0xF9, 0x00, 0x02, 0xAC, 0xF9, 0x00, 0x0D, 0x78, 0xF9, 0x00, 0x02, 0x68, 0xFF
  .byte 0xD3, 0x12, 0x01, 0xB3, 0x04, 0x00, 0x59, 0x52, 0x52, 0x61, 0xF9, 0x00, 0x04, 0xAF, 0xF9, 0x00, 0x0F, 0x0B, 0xFF
  .byte 0x5F, 0x4B, 0x34, 0x0A, 0x04, 0x00, 0x59, 0x7E, 0x52, 0x61, 0xF9, 0x00, 0x05, 0xEA, 0xF9, 0x00, 0x0F, 0x0B, 0xFF
  .byte 0x6C, 0x48, 0x26, 0xF3, 0x04, 0x00, 0x59, 0x52, 0x5D, 0x59, 0xF9, 0x00, 0x04, 0xAF, 0xF9, 0x00, 0x07, 0x3B, 0xFF
  .byte 0x85, 0xFD, 0x22, 0x07, 0x04, 0x00, 0x59, 0x7E, 0x5B, 0x58, 0xF9, 0x00, 0x05, 0xEA, 0xF9, 0x00, 0x11, 0x2F, 0xFF
  .byte 0xAA, 0x87, 0x3A, 0xE0, 0x03, 0x00, 0x59, 0x52, 0x5C, 0xF9, 0x00, 0x04, 0xAF, 0xF9, 0x00, 0x0C, 0x61, 0xFF
  .byte 0x85, 0xEF, 0x4F, 0xA4, 0x03, 0x00, 0x59, 0x5B, 0x5A, 0xF9, 0x00, 0x05, 0x6A, 0xF9, 0x00, 0x11, 0x2C, 0xF9, 0x00, 0x11, 0x0B, 0xFF
  .byte 0x96, 0x5B, 0x3A, 0xC4, 0x03, 0x00, 0x59, 0x52, 0x60, 0xF9, 0x00, 0x0A, 0xAF, 0xF9, 0x00, 0x0C, 0xAC, 0xFF
  .byte 0x38, 0x7E, 0x3A, 0xDA, 0x03, 0x00, 0x59, 0x52, 0x5A, 0xF9, 0x00, 0x05, 0x6A, 0xF9, 0x00, 0x11, 0x0B, 0xFF
  .byte 0x2D, 0x74, 0x39, 0x31, 0x03, 0x00, 0x59, 0x52, 0x8D, 0xF9, 0x00, 0x04, 0xAF, 0xF9, 0x00, 0x0C, 0x61, 0xFF
  .byte 0x5E, 0x84, 0x11, 0x51, 0x02, 0x00, 0x59, 0x7E, 0xF9, 0x00, 0x05, 0xEA, 0xFF
  .byte 0xB2, 0x4B, 0x11, 0x2D, 0x02, 0x00, 0x59, 0x52, 0xF9, 0x00, 0x04, 0xAF, 0xFF
; bucket 0x5A (19 entries)
  .byte 0x3B, 0x01, 0x6B, 0x39, 0x05, 0x00, 0x5A, 0x52, 0x57, 0x7E, 0x89, 0xF9, 0x00, 0x08, 0x65, 0xF9, 0x00, 0x0F, 0x91, 0xF9, 0x00, 0x0D, 0x5D, 0xFF
  .byte 0x17, 0x28, 0x6B, 0xB7, 0x05, 0x00, 0x5A, 0x53, 0x14, 0x65, 0x70, 0xF9, 0x00, 0x04, 0xEC, 0xF9, 0x00, 0x04, 0xF3, 0xF9, 0x00, 0x09, 0xC4, 0xF9, 0x00, 0x09, 0x58, 0xFF
  .byte 0x77, 0x8F, 0xF6, 0xE9, 0x04, 0x00, 0x5A, 0x58, 0xAE, 0x7E, 0xF9, 0x00, 0x0D, 0x04, 0xF9, 0x00, 0x07, 0xD5, 0xF9, 0x00, 0x0F, 0x6A, 0xFF
  .byte 0xFE, 0xFD, 0x71, 0x9B, 0x04, 0x00, 0x5A, 0x77, 0xA0, 0x60, 0xF9, 0x00, 0x0E, 0x2C, 0xF9, 0x00, 0x08, 0x22, 0xF9, 0x00, 0x02, 0xCF, 0xFF
  .byte 0x38, 0x66, 0xEA, 0xAA, 0x04, 0x00, 0x5A, 0x7E, 0x9B, 0x7E, 0xF9, 0x00, 0x09, 0x43, 0xF9, 0x00, 0x0B, 0x14, 0xFF
  .byte 0x0C, 0x80, 0x6F, 0x71, 0x04, 0x00, 0x5A, 0x91, 0xA0, 0x58, 0xF9, 0x00, 0x07, 0xD7, 0xF9, 0x00, 0x02, 0xCF, 0xF9, 0x00, 0x0E, 0xA5, 0xFF
  .byte 0x75, 0x8A, 0x52, 0x53, 0x04, 0x00, 0x5A, 0x69, 0x6A, 0x65, 0xF9, 0x00, 0x02, 0x26, 0xF9, 0x00, 0x01, 0x84, 0xF9, 0x00, 0x0F, 0x06, 0xFF
  .byte 0x12, 0x9D, 0xE2, 0xAA, 0x04, 0x00, 0x5A, 0xAE, 0x60, 0x5D, 0xF9, 0x00, 0x09, 0x52, 0xF9, 0x00, 0x0C, 0xC0, 0xF9, 0x00, 0x04, 0xB2, 0xFF
  .byte 0xB5, 0x7D, 0x63, 0xBA, 0x04, 0x00, 0x5A, 0x5A, 0x95, 0x77, 0xF9, 0x00, 0x07, 0xD7, 0xF9, 0x00, 0x07, 0xD7, 0xF9, 0x00, 0x03, 0x85, 0xF9, 0x00, 0x08, 0x22, 0xFF
  .byte 0xD5, 0xF7, 0x35, 0x2A, 0x04, 0x00, 0x5A, 0x73, 0x79, 0xAE, 0xF9, 0x00, 0x05, 0xC2, 0xF9, 0x00, 0x07, 0xD5, 0xF9, 0x00, 0x08, 0xCD, 0xFF
  .byte 0x34, 0xBB, 0x19, 0xDE, 0x04, 0x00, 0x5A, 0x53, 0x5D, 0x59, 0xF9, 0x00, 0x04, 0xE3, 0xF9, 0x00, 0x07, 0x3B, 0xFF
  .byte 0xF1, 0xAB, 0x0A, 0xDB, 0x04, 0x00, 0x5A, 0x53, 0x5B, 0x58, 0xF9, 0x00, 0x04, 0x65, 0xF9, 0x00, 0x11, 0x2F, 0xFF
  .byte 0x5C, 0x34, 0x00, 0x07, 0x03, 0x00, 0x5A, 0x52, 0x79, 0xF9, 0x00, 0x0E, 0x2C, 0xF9, 0x00, 0x02, 0xA5, 0xF9, 0x00, 0x04, 0x9E, 0xFF
  .byte 0xED, 0x8C, 0xCB, 0x0E, 0x03, 0x00, 0x5A, 0x95, 0x77, 0xF9, 0x00, 0x07, 0xD7, 0xF9, 0x00, 0x03, 0x85, 0xF9, 0x00, 0x08, 0x22, 0xFF
  .byte 0x97, 0x31, 0xFE, 0x2C, 0x03, 0x00, 0x5A, 0x53, 0x57, 0xF9, 0x00, 0x04, 0xAA, 0xF9, 0x00, 0x0D, 0xC7, 0xFF
  .byte 0x21, 0xD4, 0x19, 0x0C, 0x03, 0x00, 0x5A, 0x64, 0x70, 0xF9, 0x00, 0x0A, 0xF2, 0xF9, 0x00, 0x09, 0x58, 0xFF
  .byte 0x59, 0xAE, 0x19, 0xF4, 0x03, 0x00, 0x5A, 0x64, 0x68, 0xF9, 0x00, 0x0E, 0x2C, 0xF9, 0x00, 0x02, 0x9A, 0xFF
  .byte 0xAE, 0x13, 0xFE, 0x19, 0x03, 0x00, 0x5A, 0x53, 0x60, 0xF9, 0x00, 0x07, 0xD4, 0xF9, 0x00, 0x0C, 0xA1, 0xFF
  .byte 0x57, 0x4F, 0x96, 0x2D, 0x03, 0x00, 0x5A, 0x8E, 0x54, 0xF9, 0x00, 0x0E, 0x2C, 0xF9, 0x00, 0x10, 0x77, 0xFF
; bucket 0x5B (25 entries)
  .byte 0xB7, 0x2C, 0x77, 0x10, 0x06, 0x00, 0x5B, 0x52, 0x57, 0xA0, 0x56, 0xAE, 0xF9, 0x00, 0x02, 0x2E, 0xF9, 0x00, 0x09, 0xD2, 0xF9, 0x00, 0x08, 0x79, 0xF9, 0x00, 0x10, 0x52, 0xFF
  .byte 0x9A, 0x15, 0xA7, 0x2B, 0x05, 0x00, 0x5B, 0x7E, 0x95, 0x9B, 0x7E, 0xF9, 0x00, 0x02, 0x89, 0xF9, 0x00, 0x0B, 0x9B, 0xF9, 0x00, 0x0D, 0x5D, 0xFF
  .byte 0xAC, 0xF3, 0xEF, 0xF4, 0x05, 0x00, 0x5B, 0x7C, 0x71, 0x77, 0xAE, 0xF9, 0x00, 0x03, 0xCC, 0xF9, 0x00, 0x0D, 0x30, 0xF9, 0x00, 0x08, 0x3E, 0xFF
  .byte 0xAE, 0x3D, 0x98, 0x08, 0x05, 0x00, 0x5B, 0x52, 0x6E, 0xAE, 0x7E, 0xF9, 0x00, 0x03, 0x65, 0xF9, 0x00, 0x07, 0x19, 0xF9, 0x00, 0x0D, 0xD0, 0xF9, 0x00, 0x0A, 0x00, 0xFF
  .byte 0xC2, 0x83, 0xC0, 0xFF, 0x05, 0x00, 0x5B, 0x7E, 0x91, 0xAE, 0x5D, 0xF9, 0x00, 0x08, 0x4C, 0xF9, 0x00, 0x0F, 0x11, 0xF9, 0x00, 0x01, 0xD7, 0xFF
  .byte 0xBF, 0x3A, 0x95, 0xE3, 0x05, 0x00, 0x5B, 0x65, 0x88, 0x77, 0x5D, 0xF9, 0x00, 0x0B, 0x91, 0xF9, 0x00, 0x05, 0x86, 0xF9, 0x00, 0x08, 0x22, 0xF9, 0x00, 0x0C, 0x5C, 0xFF
  .byte 0x11, 0xCD, 0xD8, 0x87, 0x05, 0x00, 0x5B, 0x72, 0x6A, 0x91, 0xAE, 0xF9, 0x00, 0x07, 0x8E, 0xF9, 0x00, 0x0E, 0xA9, 0xF9, 0x00, 0x1D, 0xE0, 0xFF
  .byte 0xC2, 0x61, 0xD1, 0x1C, 0x05, 0x00, 0x5B, 0x6F, 0x76, 0xAE, 0x79, 0xF9, 0x00, 0x14, 0xD7, 0xF9, 0x00, 0x14, 0xDF, 0xF9, 0x00, 0x0F, 0x09, 0xF9, 0x00, 0x08, 0xBC, 0xFF
  .byte 0x13, 0x64, 0x7E, 0xD6, 0x05, 0x00, 0x5B, 0x58, 0x77, 0x97, 0x5D, 0xF9, 0x00, 0x0F, 0x51, 0xF9, 0x00, 0x05, 0x35, 0xF9, 0x00, 0x0F, 0x91, 0xFF
  .byte 0x5D, 0xA9, 0xE1, 0xF5, 0x05, 0x00, 0x5B, 0xAE, 0x65, 0x52, 0x64, 0xF9, 0x00, 0x0B, 0x91, 0xF9, 0x00, 0x09, 0xC4, 0xF9, 0x00, 0x03, 0x89, 0xFF
  .byte 0x8B, 0x3A, 0x6E, 0x93, 0x04, 0x00, 0x5B, 0x52, 0x95, 0x7E, 0xF9, 0x00, 0x11, 0x22, 0xF9, 0x00, 0x07, 0x19, 0xF9, 0x00, 0x0D, 0xD0, 0xF9, 0x00, 0x0C, 0x23, 0xFF
  .byte 0x2B, 0x4E, 0xC7, 0x70, 0x04, 0x00, 0x5B, 0x7E, 0x91, 0xAE, 0xF9, 0x00, 0x0B, 0x9F, 0xF9, 0x00, 0x03, 0x2E, 0xF9, 0x00, 0x09, 0xE7, 0xFF
  .byte 0xDF, 0xB1, 0x16, 0x8C, 0x04, 0x00, 0x5B, 0x66, 0xAE, 0x8B, 0xF9, 0x00, 0x0C, 0xAC, 0xF9, 0x00, 0x0E, 0xDD, 0xF9, 0x00, 0x0B, 0x98, 0xF9, 0x00, 0x05, 0x26, 0xFF
  .byte 0x6B, 0xB7, 0x36, 0x5E, 0x04, 0x00, 0x5B, 0x9A, 0x68, 0x51, 0xF9, 0x00, 0x02, 0xAC, 0xF9, 0x00, 0x0B, 0x14, 0xF9, 0x00, 0x0D, 0xED, 0xF9, 0x00, 0x0B, 0x4B, 0xF9, 0x00, 0x10, 0x39, 0xFF
  .byte 0x7C, 0x7B, 0x04, 0x34, 0x04, 0x00, 0x5B, 0x98, 0x7B, 0x53, 0xF9, 0x00, 0x0B, 0x7D, 0xF9, 0x00, 0x08, 0x3E, 0xFF
  .byte 0x5B, 0xBA, 0xA3, 0xBE, 0x03, 0x00, 0x5B, 0x7E, 0x95, 0xF9, 0x00, 0x02, 0x89, 0xF9, 0x00, 0x0B, 0x9B, 0xF9, 0x00, 0x0C, 0x38, 0xFF
  .byte 0x9F, 0x0B, 0x0F, 0x9C, 0x03, 0x00, 0x5B, 0x55, 0x78, 0xF9, 0x00, 0x0B, 0x91, 0xF9, 0x00, 0x10, 0x80, 0xFF
  .byte 0x01, 0x33, 0xDD, 0x75, 0x03, 0x00, 0x5B, 0x61, 0x5A, 0xF9, 0x00, 0x0E, 0x5D, 0xF9, 0x00, 0x11, 0x0B, 0xFF
  .byte 0xBF, 0x59, 0xBF, 0x9B, 0x03, 0x00, 0x5B, 0x75, 0x78, 0xF9, 0x00, 0x0E, 0x2C, 0xF9, 0x00, 0x01, 0x38, 0xF9, 0x00, 0x04, 0xF5, 0xFF
  .byte 0xB9, 0x22, 0xE4, 0x96, 0x03, 0x00, 0x5B, 0x64, 0x79, 0xF9, 0x00, 0x0D, 0xB8, 0xFF
  .byte 0xD0, 0xF2, 0x0C, 0xB4, 0x03, 0x00, 0x5B, 0x54, 0x5A, 0xF9, 0x00, 0x0B, 0x92, 0xF9, 0x00, 0x05, 0x73, 0xF9, 0x00, 0x11, 0x0B, 0xFF
  .byte 0x2A, 0xFB, 0xFD, 0xBF, 0x03, 0x00, 0x5B, 0x52, 0x56, 0xF9, 0x00, 0x01, 0xE5, 0xF9, 0x00, 0x0E, 0x10, 0xFF
  .byte 0x8D, 0x88, 0xD6, 0x80, 0x03, 0x00, 0x5B, 0x62, 0x57, 0xF9, 0x00, 0x04, 0x48, 0xF9, 0x00, 0x0F, 0xCE, 0xFF
  .byte 0x14, 0xEF, 0xBC, 0x7F, 0x03, 0x00, 0x5B, 0x74, 0x56, 0xF9, 0x00, 0x0B, 0x91, 0xF9, 0x00, 0x0E, 0xF5, 0xF9, 0x00, 0x0E, 0x10, 0xFF
  .byte 0x8C, 0x01, 0x16, 0x51, 0x02, 0x00, 0x5B, 0x7E, 0xF9, 0x00, 0x0C, 0xAC, 0xF9, 0x00, 0x0E, 0xDD, 0xFF
; bucket 0x5C (27 entries)
  .byte 0xC1, 0x23, 0x3C, 0x96, 0x05, 0x00, 0x5C, 0x82, 0x79, 0x91, 0xAE, 0xF9, 0x00, 0x02, 0xD3, 0xF9, 0x00, 0x0B, 0xBE, 0xF9, 0x00, 0x01, 0x71, 0xFF
  .byte 0xBB, 0xE0, 0x05, 0xE9, 0x05, 0x00, 0x5C, 0x84, 0x7C, 0xAE, 0x8E, 0xF9, 0x00, 0x0C, 0x51, 0xF9, 0x00, 0x0F, 0x11, 0xF9, 0x00, 0x01, 0xD7, 0xFF
  .byte 0xDA, 0xA3, 0x79, 0xAB, 0x05, 0x00, 0x5C, 0x8C, 0x78, 0x87, 0xAE, 0xF9, 0x00, 0x0D, 0x04, 0xF9, 0x00, 0x1C, 0x73, 0xF9, 0x00, 0x08, 0xCD, 0xF9, 0x00, 0x0D, 0xDE, 0xFF
  .byte 0xF1, 0x04, 0xD3, 0xBB, 0x05, 0x00, 0x5C, 0x86, 0x53, 0x52, 0x61, 0xF9, 0x00, 0x0E, 0x15, 0xF9, 0x00, 0x0F, 0x0B, 0xFF
  .byte 0x0E, 0xD6, 0x78, 0xD4, 0x05, 0x00, 0x5C, 0x85, 0x53, 0x52, 0x61, 0xF9, 0x00, 0x0E, 0x69, 0xF9, 0x00, 0x0F, 0x0B, 0xFF
  .byte 0xEE, 0x93, 0xCC, 0xDD, 0x05, 0x00, 0x5C, 0x85, 0x7E, 0x5D, 0x59, 0xF9, 0x00, 0x07, 0xAF, 0xF9, 0x00, 0x07, 0x3B, 0xFF
  .byte 0x0C, 0xFD, 0x30, 0xDA, 0x05, 0x00, 0x5C, 0x85, 0x7E, 0x9E, 0x52, 0xF9, 0x00, 0x07, 0xAF, 0xF9, 0x00, 0x0A, 0x78, 0xFF
  .byte 0x7D, 0xD8, 0x15, 0xE9, 0x05, 0x00, 0x5C, 0x57, 0x14, 0x78, 0x57, 0xF9, 0x00, 0x10, 0x8F, 0xF9, 0x00, 0x0D, 0xC7, 0xF9, 0x00, 0x04, 0xF3, 0xF9, 0x00, 0x08, 0x62, 0xF9, 0x00, 0x0D, 0xC7, 0xFF
  .byte 0x34, 0xF1, 0x24, 0x5C, 0x05, 0x00, 0x5C, 0x7E, 0x14, 0x75, 0x70, 0xF9, 0x00, 0x0E, 0x4D, 0xF9, 0x00, 0x04, 0xF3, 0xF9, 0x00, 0x0F, 0x77, 0xF9, 0x00, 0x09, 0x58, 0xFF
  .byte 0x3B, 0x04, 0x68, 0x02, 0x04, 0x00, 0x5C, 0xAE, 0x95, 0x77, 0xF9, 0x00, 0x04, 0xC9, 0xF9, 0x00, 0x02, 0xAC, 0xF9, 0x00, 0x08, 0xCD, 0xFF
  .byte 0xF2, 0xF4, 0xEF, 0xA5, 0x04, 0x00, 0x5C, 0x86, 0x53, 0x5A, 0xF9, 0x00, 0x0E, 0x15, 0xF9, 0x00, 0x11, 0x0B, 0xFF
  .byte 0xF5, 0xAA, 0xEF, 0x76, 0x04, 0x00, 0x5C, 0x86, 0x53, 0x8B, 0xF9, 0x00, 0x0E, 0x15, 0xF9, 0x00, 0x0D, 0xA7, 0xFF
  .byte 0xF4, 0x49, 0xF0, 0xDB, 0x04, 0x00, 0x5C, 0x86, 0x53, 0x60, 0xF9, 0x00, 0x0E, 0x15, 0xF9, 0x00, 0x0C, 0xAC, 0xFF
  .byte 0xC2, 0xE0, 0xC3, 0x72, 0x04, 0x00, 0x5C, 0x7E, 0x52, 0x61, 0xF9, 0x00, 0x10, 0x59, 0xF9, 0x00, 0x0F, 0x0B, 0xFF
  .byte 0xDB, 0xBE, 0xBD, 0x5F, 0x03, 0x00, 0x5C, 0x8E, 0x56, 0xF9, 0x00, 0x07, 0x62, 0xF9, 0x00, 0x0E, 0x10, 0xFF
  .byte 0xDC, 0x96, 0xD1, 0x92, 0x03, 0x00, 0x5C, 0x86, 0x53, 0xF9, 0x00, 0x0E, 0x15, 0xFF
  .byte 0xF6, 0xF8, 0x4B, 0x74, 0x03, 0x00, 0x5C, 0x55, 0x78, 0xF9, 0x00, 0x0B, 0xE7, 0xF9, 0x00, 0x10, 0x80, 0xFF
  .byte 0xEA, 0x48, 0xA5, 0xDC, 0x03, 0x00, 0x5C, 0x69, 0x98, 0xF9, 0x00, 0x0B, 0x4C, 0xFF
  .byte 0xE2, 0xAC, 0xB4, 0x50, 0x03, 0x00, 0x5C, 0x8A, 0x55, 0xF9, 0x00, 0x09, 0x47, 0xF9, 0x00, 0x0E, 0x66, 0xFF
  .byte 0x4D, 0x7D, 0xAB, 0x86, 0x03, 0x00, 0x5C, 0x6E, 0x70, 0xF9, 0x00, 0x10, 0x8F, 0xF9, 0x00, 0x01, 0x60, 0xF9, 0x00, 0x09, 0x58, 0xFF
  .byte 0xDC, 0x79, 0x83, 0xEB, 0x03, 0x00, 0x5C, 0x7E, 0x8B, 0xF9, 0x00, 0x0E, 0x4D, 0xF9, 0x00, 0x0D, 0xA7, 0xFF
  .byte 0xBC, 0xA9, 0xB4, 0x4E, 0x03, 0x00, 0x5C, 0x8A, 0x57, 0xF9, 0x00, 0x10, 0xA9, 0xF9, 0x00, 0x0C, 0x3C, 0xFF
  .byte 0xC9, 0xA9, 0x77, 0x8B, 0x03, 0x00, 0x5C, 0x7B, 0x53, 0xF9, 0x00, 0x0C, 0x67, 0xF9, 0x00, 0x08, 0x3E, 0xFF
  .byte 0x01, 0xC2, 0xBD, 0x61, 0x03, 0x00, 0x5C, 0x8E, 0x54, 0xF9, 0x00, 0x07, 0x62, 0xF9, 0x00, 0x05, 0xF6, 0xFF
  .byte 0xF8, 0xA0, 0xB2, 0xC8, 0x03, 0x00, 0x5C, 0x63, 0x80, 0xF9, 0x00, 0x0C, 0x15, 0xFF
  .byte 0xBF, 0x38, 0x09, 0x53, 0x02, 0x00, 0x5C, 0x7E, 0xF9, 0x00, 0x0B, 0xCC, 0xFF
  .byte 0xEF, 0x51, 0x09, 0x63, 0x02, 0x00, 0x5C, 0x6E, 0xF9, 0x00, 0x0B, 0xE7, 0xF9, 0x00, 0x0C, 0x8E, 0xFF
; bucket 0x5D (9 entries)
  .byte 0x07, 0x2B, 0x22, 0xEF, 0x05, 0x00, 0x5D, 0x78, 0xAE, 0x9B, 0xAE, 0xF9, 0x00, 0x0F, 0x4D, 0xF9, 0x00, 0x09, 0x66, 0xF9, 0x00, 0x1D, 0x92, 0xF9, 0x00, 0x0B, 0x4B, 0xFF
  .byte 0x68, 0x99, 0x5E, 0x94, 0x05, 0x00, 0x5D, 0x60, 0xAE, 0x70, 0xAE, 0xF9, 0x00, 0x01, 0x63, 0xF9, 0x00, 0x0B, 0xEB, 0xF9, 0x00, 0x04, 0xC9, 0xF9, 0x00, 0x0E, 0x52, 0xFF
  .byte 0x9B, 0xF0, 0x0E, 0x38, 0x05, 0x00, 0x5D, 0x64, 0x77, 0x52, 0x58, 0xF9, 0x00, 0x03, 0xCC, 0xF9, 0x00, 0x0C, 0xED, 0xF9, 0x00, 0x1C, 0x80, 0xF9, 0x00, 0x1C, 0x62, 0xFF
  .byte 0x3B, 0x59, 0x73, 0x82, 0x04, 0x00, 0x5D, 0x9C, 0x51, 0xAE, 0xF9, 0x00, 0x02, 0xD3, 0xF9, 0x00, 0x10, 0x5E, 0xF9, 0x00, 0x03, 0xE7, 0xFF
  .byte 0x05, 0xF3, 0x61, 0x8E, 0x04, 0x00, 0x5D, 0x78, 0xAE, 0x9D, 0xF9, 0x00, 0x02, 0xBF, 0xF9, 0x00, 0x09, 0x77, 0xF9, 0x00, 0x1D, 0x92, 0xFF
  .byte 0xB4, 0xA0, 0xD0, 0x0F, 0x04, 0x00, 0x5D, 0x52, 0x58, 0x7E, 0xF9, 0x00, 0x0C, 0x51, 0xF9, 0x00, 0x07, 0xAD, 0xFF
  .byte 0xD2, 0x62, 0xB1, 0x94, 0x04, 0x00, 0x5D, 0x5A, 0xA0, 0x64, 0xF9, 0x00, 0x0C, 0x5C, 0xF9, 0x00, 0x07, 0xD4, 0xF9, 0x00, 0x0C, 0xD9, 0xFF
  .byte 0x98, 0x79, 0x96, 0x0F, 0x03, 0x00, 0x5D, 0x96, 0x72, 0xF9, 0x00, 0x01, 0x20, 0xF9, 0x00, 0x04, 0x8F, 0xF9, 0x00, 0x0E, 0xC9, 0xFF
  .byte 0x5A, 0xBF, 0xA5, 0x18, 0x03, 0x00, 0x5D, 0x5D, 0x71, 0xF9, 0x00, 0x07, 0x4A, 0xFF
; bucket 0x5E (9 entries)
  .byte 0x9B, 0x9D, 0xF4, 0xF0, 0x09, 0x00, 0x5E, 0x7E, 0x9B, 0x52, 0x14, 0x5A, 0x53, 0x6A, 0x52, 0xF9, 0x00, 0x0A, 0xC9, 0xF9, 0x00, 0x01, 0x6F, 0xF9, 0x00, 0x0F, 0x99, 0xF9, 0x00, 0x05, 0x22, 0xF9, 0x00, 0x01, 0x6F, 0xFF
  .byte 0x95, 0x67, 0xD9, 0x49, 0x05, 0x00, 0x5E, 0x7E, 0x60, 0x7B, 0x53, 0xF9, 0x00, 0x0D, 0xED, 0xF9, 0x00, 0x0C, 0xAC, 0xF9, 0x00, 0x08, 0x3E, 0xFF
  .byte 0xA6, 0xAD, 0x3C, 0xBB, 0x04, 0x00, 0x5E, 0x7A, 0x97, 0x80, 0xF9, 0x00, 0x0B, 0xED, 0xF9, 0x00, 0x08, 0x22, 0xF9, 0x00, 0x01, 0x85, 0xFF
  .byte 0xF4, 0x3B, 0xCA, 0x68, 0x03, 0x00, 0x5E, 0x62, 0x65, 0xF9, 0x00, 0x0B, 0x90, 0xF9, 0x00, 0x09, 0xBD, 0xFF
  .byte 0x89, 0x37, 0xA3, 0x6F, 0x03, 0x00, 0x5E, 0x52, 0x5A, 0xF9, 0x00, 0x0B, 0xE1, 0xF9, 0x00, 0x11, 0x0B, 0xFF
  .byte 0x8F, 0x42, 0x0F, 0x56, 0x03, 0x00, 0x5E, 0x7E, 0x78, 0xF9, 0x00, 0x0A, 0xC0, 0xF9, 0x00, 0x08, 0x64, 0xFF
  .byte 0xAC, 0xF1, 0xA1, 0xA0, 0x03, 0x00, 0x5E, 0x52, 0x8D, 0xF9, 0x00, 0x02, 0x51, 0xF9, 0x00, 0x0C, 0x61, 0xFF
  .byte 0x3A, 0x5C, 0x00, 0x6D, 0x03, 0x00, 0x5E, 0x78, 0x65, 0xF9, 0x00, 0x19, 0x8E, 0xF9, 0x00, 0x09, 0xC4, 0xFF
  .byte 0x26, 0xEC, 0xBA, 0x3C, 0x03, 0x00, 0x5E, 0x5C, 0x65, 0xF9, 0x00, 0x0B, 0x7B, 0xF9, 0x00, 0x0D, 0xBD, 0xF9, 0x00, 0x09, 0xBE, 0xFF
; bucket 0x5F (5 entries)
  .byte 0x0A, 0x95, 0xD3, 0x46, 0x05, 0x00, 0x5F, 0xAE, 0x65, 0x7E, 0x5D, 0xF9, 0x00, 0x04, 0xC3, 0xF9, 0x00, 0x0B, 0x3B, 0xF9, 0x00, 0x0D, 0x92, 0xFF
  .byte 0xF2, 0x63, 0x87, 0x80, 0x05, 0x00, 0x5F, 0x79, 0x7B, 0xA0, 0x58, 0xF9, 0x00, 0x0C, 0xAC, 0xF9, 0x00, 0x0E, 0xDD, 0xF9, 0x00, 0x0E, 0xBB, 0xFF
  .byte 0x62, 0x06, 0xCA, 0x0E, 0x04, 0x00, 0x5F, 0xAE, 0x65, 0x69, 0xF9, 0x00, 0x0E, 0x2C, 0xF9, 0x00, 0x04, 0xC3, 0xF9, 0x00, 0x0B, 0x3B, 0xFF
  .byte 0xD5, 0x2E, 0xCD, 0x65, 0x04, 0x00, 0x5F, 0x53, 0x5D, 0x59, 0xF9, 0x00, 0x0C, 0x9A, 0xF9, 0x00, 0x0D, 0xA0, 0xF9, 0x00, 0x0C, 0x78, 0xF9, 0x00, 0x07, 0xD9, 0xFF
  .byte 0x8D, 0x27, 0xF2, 0xC8, 0x03, 0x00, 0x5F, 0x69, 0x5A, 0xF9, 0x00, 0x0F, 0xBC, 0xF9, 0x00, 0x11, 0x0B, 0xFF
; bucket 0x60 (30 entries)
  .byte 0xBF, 0xBC, 0x66, 0xDC, 0x05, 0x00, 0x60, 0x6F, 0x8C, 0x77, 0x5C, 0xF9, 0x00, 0x04, 0xC9, 0xF9, 0x00, 0x01, 0x67, 0xF9, 0x00, 0x0B, 0x14, 0xFF
  .byte 0x8D, 0x5D, 0x72, 0x61, 0x04, 0x00, 0x60, 0x6F, 0x60, 0x6F, 0xF9, 0x00, 0x02, 0xEE, 0xF9, 0x00, 0x02, 0xEE, 0xFF
  .byte 0x29, 0x33, 0x94, 0xD7, 0x04, 0x00, 0x60, 0xA0, 0x62, 0xAE, 0xF9, 0x00, 0x09, 0xA1, 0xF9, 0x00, 0x04, 0xC9, 0xF9, 0x00, 0x09, 0x27, 0xFF
  .byte 0x69, 0xBF, 0xDD, 0x9E, 0x04, 0x00, 0x60, 0x68, 0x9A, 0xAE, 0xF9, 0x00, 0x0E, 0x1D, 0xF9, 0x00, 0x0B, 0xF1, 0xF9, 0x00, 0x04, 0xC3, 0xFF
  .byte 0x98, 0x5F, 0x12, 0xBC, 0x04, 0x00, 0x60, 0x62, 0x99, 0x52, 0xF9, 0x00, 0x01, 0x63, 0xF9, 0x00, 0x01, 0x71, 0xF9, 0x00, 0x08, 0xCD, 0xFF
  .byte 0x43, 0xA0, 0x2F, 0xA9, 0x04, 0x00, 0x60, 0x59, 0x6A, 0x79, 0xF9, 0x00, 0x0D, 0xAA, 0xF9, 0x00, 0x02, 0x9A, 0xFF
  .byte 0x9B, 0xF0, 0x37, 0xAA, 0x04, 0x00, 0x60, 0x59, 0x69, 0x78, 0xF9, 0x00, 0x0D, 0xAA, 0xF9, 0x00, 0x05, 0xB8, 0xFF
  .byte 0x8F, 0xC8, 0x8D, 0xEF, 0x04, 0x00, 0x60, 0x56, 0x6C, 0x70, 0xF9, 0x00, 0x08, 0xD2, 0xF9, 0x00, 0x0D, 0x8A, 0xFF
  .byte 0x5A, 0x9F, 0x82, 0xF9, 0x04, 0x00, 0x60, 0x56, 0x69, 0x78, 0xF9, 0x00, 0x08, 0xD2, 0xF9, 0x00, 0x03, 0xB9, 0xFF
  .byte 0x01, 0x81, 0x7C, 0xF0, 0x04, 0x00, 0x60, 0x56, 0x6B, 0x7B, 0xF9, 0x00, 0x08, 0xD2, 0xF9, 0x00, 0x05, 0x1A, 0xFF
  .byte 0x45, 0x89, 0x5D, 0xB5, 0x04, 0x00, 0x60, 0x62, 0x7B, 0x53, 0xF9, 0x00, 0x02, 0xCF, 0xF9, 0x00, 0x08, 0x3E, 0xFF
  .byte 0x9A, 0x56, 0x35, 0xFC, 0x04, 0x00, 0x60, 0x62, 0x6B, 0x5A, 0xF9, 0x00, 0x02, 0x3F, 0xF9, 0x00, 0x0E, 0xCE, 0xFF
  .byte 0x8B, 0xD8, 0xA6, 0x3F, 0x04, 0x00, 0x60, 0x58, 0x7B, 0x53, 0xF9, 0x00, 0x0D, 0x40, 0xF9, 0x00, 0x08, 0x3E, 0xFF
  .byte 0x38, 0xD6, 0x5E, 0x63, 0x04, 0x00, 0x60, 0x91, 0x6B, 0x7B, 0xF9, 0x00, 0x10, 0xA3, 0xF9, 0x00, 0x05, 0x1A, 0xFF
  .byte 0x03, 0xF4, 0x3D, 0x8A, 0x03, 0x00, 0x60, 0x58, 0x74, 0xF9, 0x00, 0x0D, 0x40, 0xF9, 0x00, 0x0F, 0x02, 0xFF
  .byte 0x36, 0x93, 0x24, 0xAD, 0x03, 0x00, 0x60, 0x62, 0x55, 0xF9, 0x00, 0x02, 0x3F, 0xF9, 0x00, 0x03, 0xF5, 0xFF
  .byte 0xC0, 0xCD, 0x4C, 0x6B, 0x03, 0x00, 0x60, 0x52, 0x57, 0xF9, 0x00, 0x0C, 0xAA, 0xF9, 0x00, 0x0C, 0x3C, 0xFF
  .byte 0xFE, 0xE8, 0x3D, 0x83, 0x03, 0x00, 0x60, 0x58, 0x6F, 0xF9, 0x00, 0x0D, 0x40, 0xF9, 0x00, 0x09, 0x27, 0xFF
  .byte 0x02, 0xE7, 0x72, 0xB2, 0x03, 0x00, 0x60, 0x91, 0x5C, 0xF9, 0x00, 0x10, 0x70, 0xFF
  .byte 0x32, 0xFB, 0xFA, 0x7D, 0x03, 0x00, 0x60, 0x73, 0x62, 0xF9, 0x00, 0x0C, 0xA1, 0xF9, 0x00, 0x09, 0xA0, 0xF9, 0x00, 0x02, 0xA4, 0xFF
  .byte 0xBA, 0x5C, 0x42, 0x7D, 0x03, 0x00, 0x60, 0x56, 0x55, 0xF9, 0x00, 0x0C, 0xA1, 0xF9, 0x00, 0x07, 0xB6, 0xF9, 0x00, 0x01, 0x21, 0xFF
  .byte 0x0D, 0x75, 0xE7, 0x7E, 0x03, 0x00, 0x60, 0x7B, 0x53, 0xF9, 0x00, 0x0C, 0xAC, 0xF9, 0x00, 0x08, 0x3E, 0xFF
  .byte 0xC5, 0x87, 0x3B, 0x6D, 0x03, 0x00, 0x60, 0x59, 0x55, 0xF9, 0x00, 0x0D, 0xAA, 0xF9, 0x00, 0x0E, 0x66, 0xFF
  .byte 0x71, 0xC0, 0x3B, 0x91, 0x03, 0x00, 0x60, 0x59, 0x79, 0xF9, 0x00, 0x0D, 0xAA, 0xF9, 0x00, 0x0D, 0x50, 0xFF
  .byte 0x18, 0x51, 0x24, 0x83, 0x03, 0x00, 0x60, 0x62, 0x6F, 0xF9, 0x00, 0x02, 0x3F, 0xF9, 0x00, 0x09, 0x27, 0xFF
  .byte 0x4F, 0xFA, 0x3D, 0x8E, 0x03, 0x00, 0x60, 0x58, 0x70, 0xF9, 0x00, 0x0D, 0x40, 0xF9, 0x00, 0x04, 0xC9, 0xFF
  .byte 0x11, 0xDF, 0x4C, 0x76, 0x03, 0x00, 0x60, 0x52, 0x5C, 0xF9, 0x00, 0x02, 0xD3, 0xF9, 0x00, 0x10, 0x8F, 0xFF
  .byte 0x43, 0x48, 0x42, 0x70, 0x03, 0x00, 0x60, 0x56, 0x5A, 0xF9, 0x00, 0x04, 0xBB, 0xF9, 0x00, 0x11, 0x0B, 0xFF
  .byte 0x5B, 0x17, 0x50, 0x8B, 0x03, 0x00, 0x60, 0x9F, 0x79, 0xF9, 0x00, 0x01, 0x38, 0xF9, 0x00, 0x02, 0xDA, 0xF9, 0x00, 0x0C, 0x15, 0xFF
  .byte 0x21, 0x8A, 0x05, 0x7F, 0x03, 0x00, 0x60, 0x6F, 0x8B, 0xF9, 0x00, 0x02, 0xEE, 0xFF
; bucket 0x61 (13 entries)
  .byte 0xE9, 0x2C, 0x46, 0x3A, 0x06, 0x00, 0x61, 0x84, 0x7E, 0x9C, 0x55, 0x7E, 0xF9, 0x00, 0x04, 0xA2, 0xF9, 0x00, 0x07, 0xAC, 0xFF
  .byte 0xC0, 0xC9, 0x04, 0xF7, 0x05, 0x00, 0x61, 0x5A, 0x78, 0xAE, 0x60, 0xF9, 0x00, 0x07, 0x85, 0xF9, 0x00, 0x02, 0x01, 0xF9, 0x00, 0x0F, 0x06, 0xFF
  .byte 0xC7, 0x13, 0x13, 0x34, 0x05, 0x00, 0x61, 0x86, 0x7E, 0x61, 0xAE, 0xF9, 0x00, 0x03, 0x0D, 0xF9, 0x00, 0x08, 0xD0, 0xF9, 0x00, 0x0F, 0x91, 0xFF
  .byte 0xBB, 0x77, 0xED, 0xD8, 0x05, 0x00, 0x61, 0x84, 0xAE, 0x7A, 0x71, 0xF9, 0x00, 0x0A, 0xBA, 0xF9, 0x00, 0x08, 0x4C, 0xF9, 0x00, 0x09, 0xAD, 0xFF
  .byte 0xA6, 0x4C, 0x96, 0xC2, 0x05, 0x00, 0x61, 0x79, 0x60, 0x78, 0x5D, 0xF9, 0x00, 0x0A, 0x9A, 0xF9, 0x00, 0x0D, 0xCA, 0xF9, 0x00, 0x0B, 0x02, 0xF9, 0x00, 0x09, 0xE7, 0xFF
  .byte 0x9B, 0xCF, 0xE6, 0xE3, 0x04, 0x00, 0x61, 0x79, 0xA0, 0x64, 0xF9, 0x00, 0x0B, 0x02, 0xF9, 0x00, 0x09, 0x78, 0xF9, 0x00, 0x09, 0xE7, 0xFF
  .byte 0x78, 0xAE, 0xC2, 0x60, 0x04, 0x00, 0x61, 0x78, 0xAE, 0x7E, 0xF9, 0x00, 0x03, 0xEA, 0xF9, 0x00, 0x08, 0xB8, 0xF9, 0x00, 0x08, 0xB8, 0xFF
  .byte 0xBC, 0x62, 0x60, 0x29, 0x03, 0x00, 0x61, 0x93, 0x79, 0xF9, 0x00, 0x0A, 0xC0, 0xF9, 0x00, 0x05, 0x06, 0xFF
  .byte 0x23, 0x7F, 0xAD, 0x2D, 0x03, 0x00, 0x61, 0x5B, 0x64, 0xF9, 0x00, 0x0A, 0xC0, 0xF9, 0x00, 0x08, 0x64, 0xFF
  .byte 0x1A, 0xB9, 0x36, 0x2A, 0x03, 0x00, 0x61, 0x6B, 0x7B, 0xF9, 0x00, 0x0A, 0xC0, 0xF9, 0x00, 0x0E, 0x99, 0xFF
  .byte 0x3C, 0x95, 0xB5, 0x09, 0x03, 0x00, 0x61, 0x56, 0x5A, 0xF9, 0x00, 0x0A, 0xC0, 0xF9, 0x00, 0x05, 0xBC, 0xF9, 0x00, 0x11, 0x0B, 0xFF
  .byte 0xB0, 0x3F, 0xBC, 0xFE, 0x03, 0x00, 0x61, 0x51, 0x57, 0xF9, 0x00, 0x0A, 0xC0, 0xF9, 0x00, 0x09, 0x8F, 0xFF
  .byte 0x0E, 0x4B, 0x25, 0x79, 0x02, 0x00, 0x61, 0x56, 0xF9, 0x00, 0x10, 0x7B, 0xF9, 0x00, 0x0E, 0x10, 0xFF
; bucket 0x62 (6 entries)
  .byte 0x85, 0xD5, 0x92, 0x4B, 0x04, 0x00, 0x62, 0x9A, 0x62, 0x9A, 0xF9, 0x00, 0x05, 0x27, 0xF9, 0x00, 0x05, 0x27, 0xFF
  .byte 0xA0, 0xC7, 0xA8, 0x46, 0x04, 0x00, 0x62, 0x61, 0x66, 0x7E, 0xF9, 0x00, 0x0D, 0x29, 0xF9, 0x00, 0x07, 0x83, 0xF9, 0x00, 0x0B, 0x4C, 0xF9, 0x00, 0x0C, 0x04, 0xFF
  .byte 0x98, 0x3D, 0xBE, 0x79, 0x03, 0x00, 0x62, 0x62, 0x8D, 0xF9, 0x00, 0x03, 0x6A, 0xF9, 0x00, 0x07, 0x99, 0xFF
  .byte 0x46, 0xA0, 0xB0, 0x61, 0x03, 0x00, 0x62, 0x64, 0x71, 0xF9, 0x00, 0x0A, 0x09, 0xFF
  .byte 0x6F, 0x6D, 0xDC, 0x8A, 0x03, 0x00, 0x62, 0x76, 0x5C, 0xF9, 0x00, 0x04, 0x3F, 0xFF
  .byte 0x16, 0xE5, 0x8D, 0x47, 0x03, 0x00, 0x62, 0x96, 0x5B, 0xF9, 0x00, 0x0F, 0x3D, 0xFF
; bucket 0x63 (12 entries)
  .byte 0x27, 0x23, 0xE7, 0x3C, 0x05, 0x00, 0x63, 0xA0, 0x9F, 0x53, 0x55, 0xF9, 0x00, 0x0D, 0x04, 0xF9, 0x00, 0x0A, 0x37, 0xF9, 0x00, 0x0F, 0x91, 0xFF
  .byte 0x64, 0xA5, 0x16, 0xBB, 0x05, 0x00, 0x63, 0xA0, 0x56, 0x66, 0x7E, 0xF9, 0x00, 0x0D, 0x04, 0xF9, 0x00, 0x09, 0x7E, 0xF9, 0x00, 0x0B, 0x4C, 0xF9, 0x00, 0x10, 0x52, 0xFF
  .byte 0xC1, 0x93, 0x44, 0x22, 0x04, 0x00, 0x63, 0x79, 0x75, 0x57, 0xF9, 0x00, 0x10, 0x48, 0xF9, 0x00, 0x0E, 0x92, 0xFF
  .byte 0x0E, 0x38, 0xA0, 0x77, 0x04, 0x00, 0x63, 0x62, 0x6B, 0x5B, 0xF9, 0x00, 0x10, 0x4F, 0xF9, 0x00, 0x07, 0x73, 0xFF
  .byte 0x72, 0x61, 0xA8, 0xDF, 0x04, 0x00, 0x63, 0xA0, 0x5E, 0x7E, 0xF9, 0x00, 0x0D, 0x04, 0xF9, 0x00, 0x0E, 0x88, 0xFF
  .byte 0x06, 0x89, 0x77, 0x6F, 0x04, 0x00, 0x63, 0x62, 0x7B, 0x53, 0xF9, 0x00, 0x0D, 0x04, 0xF9, 0x00, 0x08, 0x3E, 0xFF
  .byte 0x10, 0x07, 0x5F, 0x4E, 0x03, 0x00, 0x63, 0x78, 0xAE, 0xF9, 0x00, 0x0C, 0xD9, 0xF9, 0x00, 0x08, 0x64, 0xFF
  .byte 0xEC, 0xEB, 0x60, 0x15, 0x03, 0x00, 0x63, 0x79, 0x55, 0xF9, 0x00, 0x0C, 0xD9, 0xF9, 0x00, 0x03, 0xA0, 0xF9, 0x00, 0x01, 0x21, 0xFF
  .byte 0xEC, 0x83, 0x6D, 0xF4, 0x03, 0x00, 0x63, 0x62, 0x74, 0xF9, 0x00, 0x10, 0x4F, 0xF9, 0x00, 0x0F, 0x02, 0xFF
  .byte 0xAE, 0x99, 0xF6, 0xD9, 0x03, 0x00, 0x63, 0x52, 0x5A, 0xF9, 0x00, 0x16, 0xA5, 0xF9, 0x00, 0x11, 0x0B, 0xFF
  .byte 0xD3, 0xB4, 0x60, 0xF2, 0x03, 0x00, 0x63, 0x79, 0x70, 0xF9, 0x00, 0x10, 0x48, 0xF9, 0x00, 0x09, 0x58, 0xFF
  .byte 0xA7, 0x4A, 0x6C, 0x2D, 0x03, 0x00, 0x63, 0x62, 0x8D, 0xF9, 0x00, 0x10, 0x4F, 0xF9, 0x00, 0x0C, 0x61, 0xFF
; bucket 0x64 (23 entries)
  .byte 0x7E, 0x45, 0x99, 0xA5, 0x08, 0x00, 0x64, 0x77, 0x52, 0x51, 0x5D, 0x78, 0xAE, 0x64, 0xF9, 0x00, 0x0D, 0x04, 0xF9, 0x00, 0x0B, 0x4B, 0xF9, 0x00, 0x0B, 0x7D, 0xF9, 0x00, 0x0E, 0x1B, 0xF9, 0x00, 0x0F, 0xD7, 0xF9, 0x00, 0x03, 0x54, 0xF9, 0x00, 0x0F, 0xBD, 0xFF
  .byte 0x53, 0x21, 0x69, 0x71, 0x05, 0x00, 0x64, 0x77, 0x7E, 0x5E, 0x79, 0xF9, 0x00, 0x0D, 0x04, 0xF9, 0x00, 0x05, 0xC2, 0xF9, 0x00, 0x0F, 0x6A, 0xFF
  .byte 0xE7, 0x00, 0x9D, 0xBC, 0x05, 0x00, 0x64, 0x5B, 0x57, 0x7E, 0x64, 0xF9, 0x00, 0x07, 0x19, 0xF9, 0x00, 0x07, 0x42, 0xF9, 0x00, 0x0F, 0x91, 0xFF
  .byte 0x56, 0x5B, 0x37, 0x4D, 0x05, 0x00, 0x64, 0x8A, 0x61, 0xA0, 0x58, 0xF9, 0x00, 0x01, 0xC3, 0xF9, 0x00, 0x07, 0xD9, 0xF9, 0x00, 0x05, 0x86, 0xF9, 0x00, 0x04, 0x8D, 0xFF
  .byte 0x04, 0x6B, 0x02, 0xD9, 0x05, 0x00, 0x64, 0x95, 0x89, 0x77, 0xAE, 0xF9, 0x00, 0x04, 0xC9, 0xF9, 0x00, 0x09, 0x9D, 0xF9, 0x00, 0x0B, 0xE4, 0xFF
  .byte 0xC7, 0xEE, 0x35, 0xFB, 0x05, 0x00, 0x64, 0x95, 0x8F, 0x79, 0x87, 0xF9, 0x00, 0x03, 0x22, 0xF9, 0x00, 0x0E, 0xA9, 0xF9, 0x00, 0x04, 0xC9, 0xF9, 0x00, 0x0B, 0xE4, 0xFF
  .byte 0xB0, 0xD0, 0x3C, 0x57, 0x05, 0x00, 0x64, 0x7B, 0x9C, 0x53, 0x5D, 0xF9, 0x00, 0x0B, 0x48, 0xF9, 0x00, 0x02, 0xD8, 0xF9, 0x00, 0x08, 0xCD, 0xFF
  .byte 0xD1, 0xCB, 0xB0, 0x5E, 0x04, 0x00, 0x64, 0x8A, 0x9C, 0xAE, 0xF9, 0x00, 0x01, 0xC3, 0xF9, 0x00, 0x07, 0xD9, 0xF9, 0x00, 0x01, 0x85, 0xFF
  .byte 0x1B, 0x8D, 0x16, 0x3C, 0x04, 0x00, 0x64, 0x5C, 0x6B, 0x7B, 0xF9, 0x00, 0x07, 0xAF, 0xF9, 0x00, 0x05, 0x19, 0xFF
  .byte 0xBE, 0x13, 0xC3, 0x3F, 0x04, 0x00, 0x64, 0x73, 0x6B, 0x7B, 0xF9, 0x00, 0x0D, 0x38, 0xF9, 0x00, 0x09, 0xA0, 0xF9, 0x00, 0x0D, 0xC7, 0xF9, 0x00, 0x09, 0x18, 0xFF
  .byte 0x84, 0x84, 0x90, 0x12, 0x04, 0x00, 0x64, 0x73, 0x56, 0x8E, 0xF9, 0x00, 0x10, 0x98, 0xF9, 0x00, 0x04, 0xF3, 0xFF
  .byte 0x69, 0x6E, 0x4C, 0x18, 0x04, 0x00, 0x64, 0x5C, 0x51, 0x57, 0xF9, 0x00, 0x09, 0x8C, 0xF9, 0x00, 0x09, 0x8F, 0xFF
  .byte 0x6C, 0x52, 0x10, 0x21, 0x04, 0x00, 0x64, 0x5C, 0x69, 0x98, 0xF9, 0x00, 0x07, 0xAF, 0xF9, 0x00, 0x0E, 0x50, 0xFF
  .byte 0x49, 0x9B, 0xBE, 0x42, 0x04, 0x00, 0x64, 0x73, 0x69, 0x78, 0xF9, 0x00, 0x0F, 0x7F, 0xF9, 0x00, 0x05, 0xB8, 0xFF
  .byte 0x23, 0xE9, 0xCF, 0x45, 0x04, 0x00, 0x64, 0x73, 0x70, 0x61, 0xF9, 0x00, 0x0F, 0x7F, 0xF9, 0x00, 0x03, 0x07, 0xFF
  .byte 0xB1, 0x47, 0xC3, 0x60, 0x04, 0x00, 0x64, 0x73, 0x6B, 0x5A, 0xF9, 0x00, 0x10, 0x98, 0xF9, 0x00, 0x0E, 0xCE, 0xFF
  .byte 0x9E, 0xBA, 0x96, 0x06, 0x03, 0x00, 0x64, 0x5C, 0x57, 0xF9, 0x00, 0x07, 0xAF, 0xF9, 0x00, 0x0C, 0x3C, 0xFF
  .byte 0x78, 0xB7, 0x96, 0x04, 0x03, 0x00, 0x64, 0x5C, 0x55, 0xF9, 0x00, 0x09, 0x8C, 0xF9, 0x00, 0x03, 0xF5, 0xFF
  .byte 0xEC, 0xA3, 0x8D, 0xF4, 0x03, 0x00, 0x64, 0x58, 0x55, 0xF9, 0x00, 0x03, 0x09, 0xF9, 0x00, 0x09, 0xC6, 0xFF
  .byte 0x95, 0xD0, 0x71, 0xF6, 0x03, 0x00, 0x64, 0x53, 0x57, 0xF9, 0x00, 0x0C, 0xDA, 0xF9, 0x00, 0x0C, 0x3C, 0xFF
  .byte 0xAE, 0x51, 0x23, 0xB9, 0x03, 0x00, 0x64, 0x73, 0x5A, 0xF9, 0x00, 0x10, 0x98, 0xF9, 0x00, 0x11, 0x0B, 0xFF
  .byte 0x50, 0x74, 0x23, 0xCF, 0x03, 0x00, 0x64, 0x73, 0x70, 0xF9, 0x00, 0x10, 0x98, 0xF9, 0x00, 0x09, 0x58, 0xFF
  .byte 0x02, 0xCF, 0x71, 0xF5, 0x03, 0x00, 0x64, 0x53, 0x56, 0xF9, 0x00, 0x0B, 0x02, 0xF9, 0x00, 0x09, 0xB4, 0xFF
; bucket 0x65 (17 entries)
  .byte 0x26, 0x55, 0x30, 0xBB, 0x05, 0x00, 0x65, 0x90, 0x69, 0x58, 0x5B, 0xF9, 0x00, 0x11, 0x17, 0xF9, 0x00, 0x08, 0xE8, 0xF9, 0x00, 0x02, 0x01, 0xFF
  .byte 0x39, 0x3C, 0x1A, 0xEC, 0x05, 0x00, 0x65, 0xA0, 0x58, 0x77, 0xAE, 0xF9, 0x00, 0x02, 0xD3, 0xF9, 0x00, 0x1C, 0x1D, 0xF9, 0x00, 0x0F, 0x1F, 0xFF
  .byte 0xE2, 0xB6, 0xBC, 0xCA, 0x05, 0x00, 0x65, 0x55, 0x14, 0x70, 0x55, 0xF9, 0x00, 0x10, 0x82, 0xF9, 0x00, 0x04, 0xF3, 0xF9, 0x00, 0x09, 0x58, 0xF9, 0x00, 0x0E, 0x82, 0xFF
  .byte 0xE9, 0x1A, 0x24, 0x7B, 0x05, 0x00, 0x65, 0x65, 0x14, 0x68, 0x68, 0xF9, 0x00, 0x09, 0xBE, 0xF9, 0x00, 0x09, 0xBE, 0xF9, 0x00, 0x04, 0xF3, 0xF9, 0x00, 0x09, 0xD3, 0xF9, 0x00, 0x09, 0xD3, 0xFF
  .byte 0x4E, 0x04, 0xA7, 0xB2, 0x04, 0x00, 0x65, 0xA0, 0x5C, 0xAE, 0xF9, 0x00, 0x0E, 0xF3, 0xF9, 0x00, 0x02, 0xEE, 0xF9, 0x00, 0x0C, 0x3C, 0xFF
  .byte 0x35, 0x08, 0x56, 0x01, 0x04, 0x00, 0x65, 0x6F, 0x8E, 0x7E, 0xF9, 0x00, 0x1D, 0xEB, 0xF9, 0x00, 0x0F, 0x91, 0xF9, 0x00, 0x0D, 0x5D, 0xFF
  .byte 0x55, 0x6B, 0x93, 0x03, 0x04, 0x00, 0x65, 0x6F, 0x59, 0x7B, 0xF9, 0x00, 0x08, 0x36, 0xF9, 0x00, 0x0B, 0x4B, 0xF9, 0x00, 0x0C, 0xA2, 0xFF
  .byte 0xA8, 0x27, 0xEE, 0x99, 0x03, 0x00, 0x65, 0x55, 0x57, 0xF9, 0x00, 0x10, 0x82, 0xF9, 0x00, 0x0C, 0x3C, 0xFF
  .byte 0xEF, 0x22, 0xEE, 0x96, 0x03, 0x00, 0x65, 0x55, 0x5A, 0xF9, 0x00, 0x10, 0x82, 0xF9, 0x00, 0x11, 0x0B, 0xFF
  .byte 0xDF, 0xFC, 0x76, 0x56, 0x03, 0x00, 0x65, 0x65, 0x5A, 0xF9, 0x00, 0x01, 0xE6, 0xF9, 0x00, 0x01, 0xE6, 0xF9, 0x00, 0x11, 0x0B, 0xFF
  .byte 0xE2, 0x66, 0x70, 0x6E, 0x03, 0x00, 0x65, 0x62, 0x70, 0xF9, 0x00, 0x0D, 0xE8, 0xF9, 0x00, 0x09, 0x58, 0xFF
  .byte 0x63, 0x91, 0x70, 0x89, 0x03, 0x00, 0x65, 0x62, 0x57, 0xF9, 0x00, 0x0D, 0xE8, 0xF9, 0x00, 0x0D, 0xC7, 0xFF
  .byte 0x59, 0xF0, 0x2F, 0x8D, 0x03, 0x00, 0x65, 0x88, 0x5B, 0xF9, 0x00, 0x15, 0xDB, 0xFF
  .byte 0x31, 0xCF, 0xA8, 0x78, 0x03, 0x00, 0x65, 0x79, 0x70, 0xF9, 0x00, 0x02, 0x4B, 0xF9, 0x00, 0x09, 0x58, 0xFF
  .byte 0x01, 0xFA, 0xED, 0x7C, 0x03, 0x00, 0x65, 0x55, 0x74, 0xF9, 0x00, 0x10, 0x82, 0xF9, 0x00, 0x0F, 0x02, 0xFF
  .byte 0xB9, 0xF9, 0x76, 0x54, 0x03, 0x00, 0x65, 0x65, 0x5C, 0xF9, 0x00, 0x09, 0xBE, 0xF9, 0x00, 0x09, 0xBE, 0xF9, 0x00, 0x0B, 0xEE, 0xFF
  .byte 0xB8, 0x29, 0x1A, 0x1B, 0x02, 0x00, 0x65, 0x88, 0xF9, 0x00, 0x09, 0xBE, 0xF9, 0x00, 0x17, 0x40, 0xFF
; bucket 0x66 (13 entries)
  .byte 0x87, 0x2D, 0x08, 0xEF, 0x07, 0x00, 0x66, 0x7E, 0x8D, 0x84, 0x3B, 0x50, 0x0A, 0xF9, 0x00, 0x0B, 0x4C, 0xF9, 0x00, 0x10, 0x52, 0xF9, 0x00, 0x0F, 0x7C, 0xF9, 0x00, 0x0D, 0xDB, 0xFF
  .byte 0x39, 0x16, 0xB1, 0xC1, 0x05, 0x00, 0x66, 0x95, 0x77, 0x7E, 0xB6, 0xF9, 0x00, 0x09, 0xD7, 0xF9, 0x00, 0x03, 0x85, 0xF9, 0x00, 0x08, 0x31, 0xFF
  .byte 0xB1, 0xDE, 0xB8, 0x56, 0x05, 0x00, 0x66, 0x95, 0x78, 0xAE, 0x65, 0xF9, 0x00, 0x09, 0xD7, 0xF9, 0x00, 0x03, 0x85, 0xF9, 0x00, 0x09, 0xBE, 0xFF
  .byte 0x44, 0x00, 0xAD, 0xF8, 0x05, 0x00, 0x66, 0x95, 0x58, 0x52, 0x7E, 0xF9, 0x00, 0x09, 0xD7, 0xF9, 0x00, 0x03, 0x85, 0xF9, 0x00, 0x05, 0x22, 0xFF
  .byte 0x80, 0x11, 0xB1, 0xBE, 0x05, 0x00, 0x66, 0x95, 0x77, 0x7E, 0xB5, 0xF9, 0x00, 0x09, 0xD7, 0xF9, 0x00, 0x03, 0x85, 0xF9, 0x00, 0x08, 0x3F, 0xFF
  .byte 0x65, 0xD8, 0xB8, 0x52, 0x05, 0x00, 0x66, 0x95, 0x78, 0xAE, 0x69, 0xF9, 0x00, 0x09, 0xD7, 0xF9, 0x00, 0x03, 0x85, 0xF9, 0x00, 0x08, 0x79, 0xF9, 0x00, 0x0A, 0x12, 0xFF
  .byte 0x94, 0x73, 0x26, 0x58, 0x05, 0x00, 0x66, 0x95, 0x57, 0x7E, 0x89, 0xF9, 0x00, 0x09, 0xD7, 0xF9, 0x00, 0x03, 0x85, 0xF9, 0x00, 0x0D, 0x5D, 0xFF
  .byte 0x82, 0x52, 0x02, 0x05, 0x05, 0x00, 0x66, 0x86, 0x7B, 0x9A, 0x7E, 0xF9, 0x00, 0x0D, 0x89, 0xF9, 0x00, 0x0E, 0x10, 0xF9, 0x00, 0x0F, 0x6C, 0xF9, 0x00, 0x0C, 0x04, 0xFF
  .byte 0xA1, 0x94, 0x01, 0x16, 0x05, 0x00, 0x66, 0x86, 0x7B, 0x64, 0x69, 0xF9, 0x00, 0x0D, 0x89, 0xF9, 0x00, 0x0E, 0x10, 0xF9, 0x00, 0x0D, 0x44, 0xF9, 0x00, 0x05, 0x57, 0xFF
  .byte 0xC2, 0xA5, 0x6F, 0x03, 0x04, 0x00, 0x66, 0x84, 0xAE, 0x5D, 0xF9, 0x00, 0x14, 0x35, 0xF9, 0x00, 0x14, 0x35, 0xFF
  .byte 0x63, 0xD2, 0x8B, 0xB0, 0x04, 0x00, 0x66, 0x86, 0x7B, 0x73, 0xF9, 0x00, 0x0D, 0x89, 0xF9, 0x00, 0x0E, 0x10, 0xF9, 0x00, 0x1C, 0x69, 0xF9, 0x00, 0x1C, 0x34, 0xFF
  .byte 0x56, 0x73, 0x8A, 0xD1, 0x04, 0x00, 0x66, 0x86, 0x7B, 0x90, 0xF9, 0x00, 0x0D, 0x89, 0xF9, 0x00, 0x0E, 0x10, 0xF9, 0x00, 0x07, 0xAD, 0xFF
  .byte 0x3B, 0x48, 0xAB, 0x7F, 0x04, 0x00, 0x66, 0x85, 0xAE, 0x77, 0xF9, 0x00, 0x14, 0xEA, 0xF9, 0x00, 0x08, 0x22, 0xFF
; bucket 0x67 (3 entries)
  .byte 0xE8, 0xFD, 0xFE, 0x5E, 0x05, 0x00, 0x67, 0x6F, 0x58, 0x7B, 0xAE, 0xF9, 0x00, 0x10, 0x46, 0xF9, 0x00, 0x0F, 0xCA, 0xF9, 0x00, 0x0F, 0x91, 0xFF
  .byte 0x1D, 0x03, 0xA6, 0xC6, 0x04, 0x00, 0x67, 0x59, 0x66, 0x7E, 0xF9, 0x00, 0x0D, 0x39, 0xF9, 0x00, 0x07, 0xD5, 0xF9, 0x00, 0x0B, 0x4C, 0xF9, 0x00, 0x10, 0x52, 0xFF
  .byte 0x05, 0x47, 0xE4, 0x7D, 0x03, 0x00, 0x67, 0x55, 0xAE, 0xF9, 0x00, 0x10, 0x46, 0xF9, 0x00, 0x0D, 0x5D, 0xFF
; bucket 0x68 (3 entries)
  .byte 0x6B, 0x71, 0x6E, 0x56, 0x05, 0x00, 0x68, 0x52, 0x63, 0x80, 0x55, 0xF9, 0x00, 0x0C, 0xED, 0xF9, 0x00, 0x0B, 0x3B, 0xF9, 0x00, 0x09, 0xE7, 0xFF
  .byte 0x5F, 0xB7, 0x12, 0x28, 0x05, 0x00, 0x68, 0x7E, 0x95, 0xAE, 0x79, 0xF9, 0x00, 0x09, 0xE4, 0xF9, 0x00, 0x08, 0x79, 0xF9, 0x00, 0x0D, 0x29, 0xF9, 0x00, 0x0A, 0x19, 0xFF
  .byte 0x9C, 0x17, 0x33, 0xEF, 0x04, 0x00, 0x68, 0x52, 0x63, 0x80, 0xF9, 0x00, 0x0C, 0xED, 0xF9, 0x00, 0x0B, 0x3B, 0xF9, 0x00, 0x0B, 0x38, 0xFF
; bucket 0x69 (11 entries)
  .byte 0x1D, 0x18, 0x78, 0x00, 0x04, 0x00, 0x69, 0x5A, 0xA0, 0x61, 0xF9, 0x00, 0x0D, 0x29, 0xF9, 0x00, 0x08, 0xCD, 0xF9, 0x00, 0x03, 0x23, 0xF9, 0x00, 0x03, 0x23, 0xFF
  .byte 0x86, 0x08, 0x51, 0x6B, 0x04, 0x00, 0x69, 0x8E, 0x9B, 0x5D, 0xF9, 0x00, 0x02, 0x31, 0xF9, 0x00, 0x01, 0x6E, 0xF9, 0x00, 0x01, 0x84, 0xFF
  .byte 0x53, 0xEA, 0x25, 0x09, 0x04, 0x00, 0x69, 0x58, 0x60, 0x5D, 0xF9, 0x00, 0x09, 0x66, 0xF9, 0x00, 0x04, 0x52, 0xF9, 0x00, 0x0D, 0xED, 0xF9, 0x00, 0x0B, 0x4B, 0xF9, 0x00, 0x10, 0x39, 0xFF
  .byte 0xD5, 0x5F, 0x57, 0x15, 0x04, 0x00, 0x69, 0x98, 0x6B, 0x5A, 0xF9, 0x00, 0x0A, 0x12, 0xF9, 0x00, 0x01, 0xD7, 0xF9, 0x00, 0x0D, 0xC7, 0xF9, 0x00, 0x07, 0xD4, 0xFF
  .byte 0x02, 0x69, 0x3B, 0xCA, 0x04, 0x00, 0x69, 0x78, 0x6B, 0x7B, 0xF9, 0x00, 0x0A, 0x12, 0xF9, 0x00, 0x08, 0x64, 0xF9, 0x00, 0x0D, 0xC7, 0xF9, 0x00, 0x09, 0x18, 0xFF
  .byte 0x42, 0x5E, 0x57, 0x14, 0x04, 0x00, 0x69, 0x98, 0x6B, 0x5B, 0xF9, 0x00, 0x0E, 0x50, 0xF9, 0x00, 0x07, 0x73, 0xFF
  .byte 0x13, 0x38, 0x27, 0x62, 0x03, 0x00, 0x69, 0x98, 0x55, 0xF9, 0x00, 0x0E, 0x50, 0xF9, 0x00, 0x03, 0xF5, 0xFF
  .byte 0xA4, 0x00, 0x14, 0x95, 0x03, 0x00, 0x69, 0x90, 0x70, 0xF9, 0x00, 0x0D, 0x63, 0xFF
  .byte 0x06, 0x21, 0x15, 0xA4, 0x03, 0x00, 0x69, 0x78, 0x56, 0xF9, 0x00, 0x05, 0xB8, 0xF9, 0x00, 0x0E, 0x10, 0xFF
  .byte 0x39, 0xF4, 0x2B, 0x8A, 0x03, 0x00, 0x69, 0x9A, 0x79, 0xF9, 0x00, 0x03, 0x0E, 0xFF
  .byte 0x6D, 0x41, 0x0C, 0xB5, 0x03, 0x00, 0x69, 0x7C, 0x57, 0xF9, 0x00, 0x0A, 0x12, 0xF9, 0x00, 0x03, 0x9C, 0xF9, 0x00, 0x10, 0x65, 0xFF
; bucket 0x6A (18 entries)
  .byte 0x2A, 0x78, 0x66, 0x56, 0x05, 0x00, 0x6A, 0x58, 0x78, 0x85, 0xAE, 0xF9, 0x00, 0x04, 0xC6, 0xF9, 0x00, 0x07, 0xD9, 0xF9, 0x00, 0x08, 0xCD, 0xFF
  .byte 0xF7, 0xB9, 0x3D, 0x9B, 0x05, 0x00, 0x6A, 0x87, 0x68, 0xAE, 0x79, 0xF9, 0x00, 0x02, 0xD3, 0xF9, 0x00, 0x04, 0x40, 0xF9, 0x00, 0x0B, 0xBD, 0xFF
  .byte 0xFB, 0x92, 0x74, 0x31, 0x05, 0x00, 0x6A, 0x78, 0xAE, 0x5E, 0x7E, 0xF9, 0x00, 0x0A, 0xC0, 0xF9, 0x00, 0x10, 0x5E, 0xF9, 0x00, 0x0F, 0x91, 0xFF
  .byte 0xD7, 0xD0, 0xC2, 0x4A, 0x05, 0x00, 0x6A, 0x5D, 0x98, 0x7A, 0x7B, 0xF9, 0x00, 0x08, 0x7E, 0xF9, 0x00, 0x09, 0x49, 0xF9, 0x00, 0x0E, 0x2C, 0xF9, 0x00, 0x0D, 0x17, 0xFF
  .byte 0x3D, 0xC9, 0x49, 0x07, 0x05, 0x00, 0x6A, 0x78, 0x63, 0x74, 0x6F, 0xF9, 0x00, 0x0D, 0x04, 0xF9, 0x00, 0x10, 0x39, 0xF9, 0x00, 0x08, 0x79, 0xF9, 0x00, 0x0C, 0x04, 0xFF
  .byte 0xFB, 0xA7, 0x23, 0x8C, 0x05, 0x00, 0x6A, 0x7E, 0x63, 0xAE, 0x79, 0xF9, 0x00, 0x08, 0xA7, 0xF9, 0x00, 0x01, 0x3E, 0xF9, 0x00, 0x0F, 0x91, 0xFF
  .byte 0x1B, 0xBE, 0xEE, 0x80, 0x05, 0x00, 0x6A, 0x98, 0x68, 0xAE, 0x58, 0xF9, 0x00, 0x03, 0xBC, 0xF9, 0x00, 0x02, 0x59, 0xF9, 0x00, 0x0B, 0xBD, 0xFF
  .byte 0x65, 0xAD, 0x9B, 0x45, 0x04, 0x00, 0x6A, 0x68, 0xA0, 0x5A, 0xF9, 0x00, 0x18, 0x70, 0xF9, 0x00, 0x11, 0x0B, 0xF9, 0x00, 0x02, 0x01, 0xFF
  .byte 0x5F, 0x87, 0xE0, 0x2C, 0x04, 0x00, 0x6A, 0xA0, 0x5B, 0x71, 0xF9, 0x00, 0x07, 0x8E, 0xF9, 0x00, 0x0A, 0xC8, 0xF9, 0x00, 0x1C, 0x80, 0xF9, 0x00, 0x1C, 0x62, 0xFF
  .byte 0x2D, 0x18, 0x3D, 0x09, 0x04, 0x00, 0x6A, 0x9C, 0x65, 0x5D, 0xF9, 0x00, 0x0E, 0x5D, 0xF9, 0x00, 0x04, 0x0D, 0xF9, 0x00, 0x02, 0xEE, 0xFF
  .byte 0x60, 0x5D, 0x76, 0xFD, 0x04, 0x00, 0x6A, 0x5D, 0x9A, 0xAE, 0xF9, 0x00, 0x08, 0x7E, 0xF9, 0x00, 0x0F, 0x06, 0xF9, 0x00, 0x0D, 0x17, 0xF9, 0x00, 0x11, 0x0B, 0xFF
  .byte 0x2D, 0xDE, 0x61, 0x08, 0x04, 0x00, 0x6A, 0x79, 0x6B, 0x5A, 0xF9, 0x00, 0x02, 0x9A, 0xF9, 0x00, 0x0E, 0xCE, 0xFF
  .byte 0xE5, 0xC8, 0x5D, 0x4A, 0x04, 0x00, 0x6A, 0x79, 0x69, 0x98, 0xF9, 0x00, 0x02, 0x9A, 0xF9, 0x00, 0x0E, 0x50, 0xFF
  .byte 0xEE, 0x64, 0xB1, 0xB9, 0x03, 0x00, 0x6A, 0x79, 0x56, 0xF9, 0x00, 0x0E, 0x2C, 0xF9, 0x00, 0x0E, 0xEA, 0xFF
  .byte 0xA2, 0x5E, 0xB1, 0xB5, 0x03, 0x00, 0x6A, 0x79, 0x5A, 0xF9, 0x00, 0x02, 0x9A, 0xF9, 0x00, 0x11, 0x0B, 0xFF
  .byte 0x81, 0x66, 0xB1, 0xBA, 0x03, 0x00, 0x6A, 0x79, 0x57, 0xF9, 0x00, 0x02, 0x9A, 0xF9, 0x00, 0x0C, 0x3C, 0xFF
  .byte 0xBF, 0x5D, 0xF4, 0xC5, 0x03, 0x00, 0x6A, 0x62, 0x68, 0xF9, 0x00, 0x02, 0x77, 0xF9, 0x00, 0x0F, 0x44, 0xFF
  .byte 0x74, 0x9A, 0xB1, 0xDB, 0x03, 0x00, 0x6A, 0x79, 0x70, 0xF9, 0x00, 0x02, 0x9A, 0xF9, 0x00, 0x09, 0x58, 0xFF
; bucket 0x6B (26 entries)
  .byte 0xA3, 0xC9, 0x11, 0x44, 0x05, 0x00, 0x6B, 0x64, 0x94, 0x6F, 0x7E, 0xF9, 0x00, 0x04, 0xC9, 0xF9, 0x00, 0x0E, 0x52, 0xF9, 0x00, 0x0E, 0x52, 0xFF
  .byte 0x13, 0x57, 0xCF, 0x11, 0x05, 0x00, 0x6B, 0x69, 0x51, 0x77, 0x5C, 0xF9, 0x00, 0x05, 0x7D, 0xF9, 0x00, 0x0B, 0x14, 0xF9, 0x00, 0x0C, 0x38, 0xFF
  .byte 0xD8, 0x42, 0xC9, 0xDF, 0x05, 0x00, 0x6B, 0x6F, 0x65, 0xA0, 0x62, 0xF9, 0x00, 0x0E, 0x1F, 0xF9, 0x00, 0x0B, 0x55, 0xF9, 0x00, 0x10, 0xA7, 0xF9, 0x00, 0x11, 0x0B, 0xFF
  .byte 0x7A, 0xEA, 0x7F, 0x33, 0x04, 0x00, 0x6B, 0x64, 0x56, 0x8A, 0xF9, 0x00, 0x0E, 0x2C, 0xF9, 0x00, 0x05, 0x7D, 0xF9, 0x00, 0x08, 0xCD, 0xFF
  .byte 0xF4, 0x93, 0xE2, 0xD1, 0x04, 0x00, 0x6B, 0x72, 0x89, 0x6F, 0xF9, 0x00, 0x0E, 0x67, 0xF9, 0x00, 0x01, 0x63, 0xF9, 0x00, 0x01, 0x63, 0xFF
  .byte 0x39, 0xB0, 0xB1, 0xED, 0x04, 0x00, 0x6B, 0x7E, 0x96, 0x5D, 0xF9, 0x00, 0x02, 0x75, 0xF9, 0x00, 0x02, 0x75, 0xF9, 0x00, 0x0F, 0x91, 0xFF
  .byte 0x23, 0xDB, 0xE7, 0xAB, 0x04, 0x00, 0x6B, 0x94, 0x69, 0x78, 0xF9, 0x00, 0x0F, 0x50, 0xF9, 0x00, 0x05, 0xB8, 0xFF
  .byte 0x9E, 0x94, 0xDD, 0xD8, 0x04, 0x00, 0x6B, 0x94, 0x75, 0x57, 0xF9, 0x00, 0x0F, 0x50, 0xF9, 0x00, 0x0E, 0x5D, 0xFF
  .byte 0x72, 0x6A, 0x84, 0x88, 0x04, 0x00, 0x6B, 0x94, 0x51, 0x57, 0xF9, 0x00, 0x0E, 0x6E, 0xF9, 0x00, 0x09, 0x8F, 0xFF
  .byte 0xF2, 0xA4, 0x2A, 0xEB, 0x04, 0x00, 0x6B, 0x7B, 0x69, 0x98, 0xF9, 0x00, 0x0F, 0xAF, 0xF9, 0x00, 0x0E, 0x50, 0xFF
  .byte 0x76, 0x20, 0xF0, 0xA5, 0x04, 0x00, 0x6B, 0x94, 0x6C, 0x70, 0xF9, 0x00, 0x0E, 0x6E, 0xF9, 0x00, 0x0D, 0x8A, 0xFF
  .byte 0xCF, 0x40, 0x48, 0x9E, 0x04, 0x00, 0x6B, 0x7B, 0x75, 0x57, 0xF9, 0x00, 0x0F, 0xAF, 0xF9, 0x00, 0x0E, 0x5B, 0xFF
  .byte 0x77, 0xBE, 0xEA, 0x4D, 0x03, 0x00, 0x6B, 0x94, 0x57, 0xF9, 0x00, 0x0E, 0x6E, 0xF9, 0x00, 0x0C, 0x3C, 0xFF
  .byte 0x8E, 0x8E, 0x13, 0x6B, 0x03, 0x00, 0x6B, 0x64, 0x70, 0xF9, 0x00, 0x0D, 0x13, 0xFF
  .byte 0x44, 0x57, 0xDE, 0x8D, 0x03, 0x00, 0x6B, 0x93, 0x57, 0xF9, 0x00, 0x0B, 0x55, 0xF9, 0x00, 0x0F, 0xCE, 0xFF
  .byte 0x49, 0x34, 0x1A, 0x5D, 0x03, 0x00, 0x6B, 0x7B, 0x70, 0xF9, 0x00, 0x05, 0x19, 0xF9, 0x00, 0x09, 0x58, 0xFF
  .byte 0x7C, 0x03, 0x1A, 0x3E, 0x03, 0x00, 0x6B, 0x7B, 0x57, 0xF9, 0x00, 0x0D, 0xC7, 0xF9, 0x00, 0x09, 0x18, 0xF9, 0x00, 0x05, 0x86, 0xFF
  .byte 0xB6, 0x32, 0x1A, 0x5C, 0x03, 0x00, 0x6B, 0x7B, 0x71, 0xF9, 0x00, 0x05, 0x1A, 0xF9, 0x00, 0x09, 0x66, 0xFF
  .byte 0x64, 0x39, 0x84, 0x67, 0x03, 0x00, 0x6B, 0x56, 0x78, 0xF9, 0x00, 0x04, 0xAA, 0xFF
  .byte 0x9D, 0xC1, 0xEA, 0x4F, 0x03, 0x00, 0x6B, 0x94, 0x55, 0xF9, 0x00, 0x0F, 0x50, 0xF9, 0x00, 0x09, 0xC6, 0xFF
  .byte 0x6D, 0x2B, 0x6A, 0x89, 0x03, 0x00, 0x6B, 0x5B, 0x5C, 0xF9, 0x00, 0x07, 0x73, 0xF9, 0x00, 0x10, 0x8F, 0xFF
  .byte 0x65, 0x21, 0x1A, 0x51, 0x03, 0x00, 0x6B, 0x7B, 0x64, 0xF9, 0x00, 0x02, 0xD3, 0xF9, 0x00, 0x0E, 0x15, 0xFF
  .byte 0x1E, 0xEC, 0xEA, 0x6A, 0x03, 0x00, 0x6B, 0x94, 0x70, 0xF9, 0x00, 0x0E, 0x6E, 0xF9, 0x00, 0x09, 0x58, 0xFF
  .byte 0xF7, 0x3A, 0x84, 0x68, 0x03, 0x00, 0x6B, 0x56, 0x79, 0xF9, 0x00, 0x04, 0xAA, 0xFF
  .byte 0x5B, 0x0B, 0x1A, 0x43, 0x03, 0x00, 0x6B, 0x7B, 0x5A, 0xF9, 0x00, 0x05, 0x1A, 0xF9, 0x00, 0x11, 0x0B, 0xFF
  .byte 0xE2, 0x55, 0x13, 0x47, 0x03, 0x00, 0x6B, 0x64, 0x5C, 0xF9, 0x00, 0x0B, 0x4A, 0xF9, 0x00, 0x0C, 0x61, 0xFF
; bucket 0x6C (14 entries)
  .byte 0xBE, 0x11, 0xAB, 0x89, 0x05, 0x00, 0x6C, 0x5C, 0x88, 0x91, 0x68, 0xF9, 0x00, 0x09, 0x86, 0xF9, 0x00, 0x0D, 0x44, 0xF9, 0x00, 0x10, 0xA7, 0xF9, 0x00, 0x11, 0x0B, 0xFF
  .byte 0x81, 0xE4, 0x4E, 0x81, 0x05, 0x00, 0x6C, 0x5C, 0x88, 0x5F, 0x53, 0xF9, 0x00, 0x09, 0x86, 0xF9, 0x00, 0x0D, 0x44, 0xF9, 0x00, 0x02, 0x01, 0xFF
  .byte 0x12, 0xD4, 0x9F, 0x86, 0x05, 0x00, 0x6C, 0x5C, 0x88, 0x96, 0x65, 0xF9, 0x00, 0x09, 0x86, 0xF9, 0x00, 0x0D, 0x44, 0xF9, 0x00, 0x05, 0x35, 0xFF
  .byte 0x67, 0x66, 0xC6, 0x6D, 0x05, 0x00, 0x6C, 0xAE, 0x94, 0x80, 0x7E, 0xF9, 0x00, 0x05, 0x29, 0xF9, 0x00, 0x03, 0x1F, 0xFF
  .byte 0x7F, 0xE5, 0xEE, 0xEC, 0x05, 0x00, 0x6C, 0x78, 0xAE, 0x8C, 0xAE, 0xF9, 0x00, 0x05, 0x9C, 0xF9, 0x00, 0x03, 0x58, 0xF9, 0x00, 0x09, 0xE7, 0xFF
  .byte 0xDC, 0x7B, 0xDB, 0x54, 0x05, 0x00, 0x6C, 0x7F, 0x52, 0x74, 0xAE, 0xF9, 0x00, 0x05, 0x7D, 0xF9, 0x00, 0x0E, 0xCF, 0xF9, 0x00, 0x09, 0xE7, 0xFF
  .byte 0xC1, 0xE4, 0xB6, 0xA8, 0x05, 0x00, 0x6C, 0x83, 0x7A, 0x64, 0x5D, 0xF9, 0x00, 0x03, 0xF3, 0xF9, 0x00, 0x08, 0xA5, 0xF9, 0x00, 0x0D, 0x38, 0xF9, 0x00, 0x0C, 0x5C, 0xFF
  .byte 0x3F, 0xA1, 0x2F, 0xD7, 0x05, 0x00, 0x6C, 0x77, 0x52, 0x8B, 0x7E, 0xF9, 0x00, 0x0B, 0x91, 0xF9, 0x00, 0x09, 0xA4, 0xF9, 0x00, 0x1C, 0x56, 0xF9, 0x00, 0x1C, 0x48, 0xFF
  .byte 0x65, 0x68, 0xDD, 0xE7, 0x05, 0x00, 0x6C, 0x53, 0x14, 0x77, 0x7E, 0xF9, 0x00, 0x0E, 0x2C, 0xF9, 0x00, 0x03, 0xE6, 0xF9, 0x00, 0x0F, 0x99, 0xF9, 0x00, 0x0E, 0x2C, 0xF9, 0x00, 0x09, 0xC5, 0xFF
  .byte 0xFC, 0x8D, 0x8F, 0x23, 0x03, 0x00, 0x6C, 0x76, 0x53, 0xF9, 0x00, 0x12, 0xCF, 0xF9, 0x00, 0x0B, 0x58, 0xFF
  .byte 0x7A, 0xB4, 0x34, 0x2E, 0x03, 0x00, 0x6C, 0x53, 0x56, 0xF9, 0x00, 0x03, 0xEA, 0xF9, 0x00, 0x0E, 0x10, 0xFF
  .byte 0xAF, 0x6D, 0x8B, 0x5E, 0x03, 0x00, 0x6C, 0x70, 0x54, 0xF9, 0x00, 0x0D, 0x8A, 0xF9, 0x00, 0x05, 0x6A, 0xFF
  .byte 0xE5, 0xB5, 0xA5, 0x61, 0x03, 0x00, 0x6C, 0x8D, 0x55, 0xF9, 0x00, 0x0C, 0xDA, 0xF9, 0x00, 0x0E, 0x66, 0xFF
  .byte 0x52, 0x4C, 0xB2, 0x3F, 0x03, 0x00, 0x6C, 0x80, 0x77, 0xF9, 0x00, 0x03, 0xC9, 0xF9, 0x00, 0x08, 0x22, 0xFF
; bucket 0x6D (3 entries)
  .byte 0x23, 0x76, 0xAE, 0x06, 0x05, 0x00, 0x6D, 0x77, 0x58, 0x7B, 0x5D, 0xF9, 0x00, 0x05, 0x04, 0xF9, 0x00, 0x08, 0x22, 0xF9, 0x00, 0x07, 0xD9, 0xF9, 0x00, 0x09, 0x18, 0xF9, 0x00, 0x0C, 0x5C, 0xFF
  .byte 0x96, 0x45, 0x1B, 0x74, 0x04, 0x00, 0x6D, 0x79, 0x87, 0xAE, 0xF9, 0x00, 0x05, 0x09, 0xF9, 0x00, 0x08, 0xE4, 0xF9, 0x00, 0x05, 0xBE, 0xFF
  .byte 0x87, 0xD0, 0x78, 0x31, 0x04, 0x00, 0x6D, 0x52, 0x87, 0x66, 0xF9, 0x00, 0x08, 0xCD, 0xF9, 0x00, 0x0D, 0xDE, 0xF9, 0x00, 0x0E, 0x2C, 0xF9, 0x00, 0x01, 0xB5, 0xFF
; bucket 0x6E (7 entries)
  .byte 0x11, 0xC8, 0x4A, 0xB6, 0x05, 0x00, 0x6E, 0x54, 0x79, 0x55, 0xAE, 0xF9, 0x00, 0x05, 0x1F, 0xF9, 0x00, 0x07, 0x58, 0xF9, 0x00, 0x0D, 0x5D, 0xFF
  .byte 0x15, 0x7B, 0xD1, 0x8F, 0x04, 0x00, 0x6E, 0xAE, 0x6E, 0xAE, 0xF9, 0x00, 0x04, 0x86, 0xF9, 0x00, 0x04, 0x86, 0xFF
  .byte 0xCE, 0x31, 0xC1, 0x6F, 0x04, 0x00, 0x6E, 0x53, 0x55, 0x53, 0xF9, 0x00, 0x03, 0xF2, 0xF9, 0x00, 0x0D, 0x5D, 0xFF
  .byte 0x78, 0xA8, 0xC7, 0xAC, 0x04, 0x00, 0x6E, 0x54, 0x79, 0x5A, 0xF9, 0x00, 0x05, 0x1F, 0xF9, 0x00, 0x05, 0x1F, 0xF9, 0x00, 0x07, 0x58, 0xFF
  .byte 0x7A, 0xEF, 0xA3, 0x07, 0x03, 0x00, 0x6E, 0x69, 0x56, 0xF9, 0x00, 0x0C, 0x8E, 0xF9, 0x00, 0x0E, 0x10, 0xFF
  .byte 0x8E, 0xCA, 0x92, 0x1E, 0x03, 0x00, 0x6E, 0x60, 0x79, 0xF9, 0x00, 0x0F, 0x57, 0xFF
  .byte 0x15, 0xE0, 0x67, 0x18, 0x03, 0x00, 0x6E, 0x71, 0x77, 0xFF
; bucket 0x6F (50 entries)
  .byte 0xD4, 0x27, 0xA8, 0x2D, 0x09, 0x00, 0x6F, 0x89, 0x6F, 0x41, 0x2E, 0x78, 0xAE, 0x91, 0xAE, 0xF9, 0x00, 0x0B, 0x5B, 0xF9, 0x00, 0x0E, 0xBB, 0xF9, 0x00, 0x03, 0x78, 0xF9, 0x00, 0x0C, 0x1C, 0xF9, 0x00, 0x08, 0xBF, 0xFF
  .byte 0x73, 0xC4, 0x3B, 0x60, 0x08, 0x00, 0x6F, 0x89, 0x6F, 0x41, 0x2E, 0x06, 0x2E, 0x48, 0xF9, 0x00, 0x0B, 0x5B, 0xF9, 0x00, 0x0E, 0xBB, 0xF9, 0x00, 0x03, 0x78, 0xF9, 0x00, 0x04, 0x33, 0xF9, 0x00, 0x01, 0xDA, 0xFF
  .byte 0xBF, 0x57, 0x5B, 0x37, 0x05, 0x00, 0x6F, 0x91, 0x62, 0x9A, 0x70, 0xF9, 0x00, 0x08, 0x23, 0xF9, 0x00, 0x01, 0x27, 0xF9, 0x00, 0x0E, 0xA8, 0xFF
  .byte 0xCE, 0xDE, 0x96, 0x5B, 0x05, 0x00, 0x6F, 0x79, 0x6F, 0x52, 0x7E, 0xF9, 0x00, 0x0D, 0x4F, 0xF9, 0x00, 0x0A, 0x5F, 0xF9, 0x00, 0x08, 0x4C, 0xF9, 0x00, 0x02, 0xED, 0xFF
  .byte 0x09, 0xBD, 0xF6, 0x5B, 0x05, 0x00, 0x6F, 0x60, 0x95, 0x87, 0x5D, 0xF9, 0x00, 0x0C, 0x4E, 0xF9, 0x00, 0x02, 0xED, 0xF9, 0x00, 0x0D, 0x47, 0xF9, 0x00, 0x0C, 0x5C, 0xFF
  .byte 0x45, 0xBB, 0xD9, 0xFC, 0x05, 0x00, 0x6F, 0x89, 0x6F, 0x77, 0x5C, 0xF9, 0x00, 0x05, 0x7D, 0xF9, 0x00, 0x0E, 0xBB, 0xF9, 0x00, 0x0C, 0x38, 0xFF
  .byte 0x39, 0x23, 0xE3, 0x25, 0x05, 0x00, 0x6F, 0x89, 0x6F, 0xA0, 0x89, 0xF9, 0x00, 0x0B, 0x5B, 0xF9, 0x00, 0x0E, 0xBB, 0xF9, 0x00, 0x02, 0x68, 0xFF
  .byte 0x71, 0x3A, 0xFD, 0xB8, 0x05, 0x00, 0x6F, 0x89, 0x56, 0x79, 0x8B, 0xF9, 0x00, 0x0B, 0x5B, 0xF9, 0x00, 0x0E, 0xBB, 0xF9, 0x00, 0x0D, 0x95, 0xF9, 0x00, 0x0A, 0x00, 0xFF
  .byte 0xF8, 0xA2, 0x38, 0x24, 0x05, 0x00, 0x6F, 0x7E, 0x60, 0x52, 0x7E, 0xF9, 0x00, 0x07, 0x8E, 0xF9, 0x00, 0x02, 0x63, 0xF9, 0x00, 0x03, 0xCC, 0xF9, 0x00, 0x0F, 0x91, 0xFF
  .byte 0x11, 0xE7, 0xB0, 0xCE, 0x05, 0x00, 0x6F, 0xA0, 0x5D, 0x89, 0x6F, 0xF9, 0x00, 0x10, 0x82, 0xF9, 0x00, 0x02, 0x67, 0xF9, 0x00, 0x0E, 0x67, 0xFF
  .byte 0xC5, 0xCB, 0xEF, 0xFF, 0x05, 0x00, 0x6F, 0x58, 0x69, 0x5C, 0x60, 0xF9, 0x00, 0x09, 0xB1, 0xF9, 0x00, 0x0D, 0xE6, 0xF9, 0x00, 0x08, 0x79, 0xF9, 0x00, 0x0C, 0x04, 0xFF
  .byte 0x5D, 0x6B, 0x2C, 0x46, 0x05, 0x00, 0x6F, 0x79, 0x69, 0xAE, 0x71, 0xF9, 0x00, 0x0D, 0x34, 0xF9, 0x00, 0x0B, 0xEF, 0xF9, 0x00, 0x0C, 0x23, 0xFF
  .byte 0xE9, 0xB8, 0x0F, 0xEB, 0x05, 0x00, 0x6F, 0x89, 0x6F, 0x41, 0x2E, 0xF9, 0x00, 0x0B, 0x5B, 0xF9, 0x00, 0x0E, 0xBB, 0xF9, 0x00, 0x03, 0x78, 0xFF
  .byte 0x51, 0x21, 0x25, 0xB1, 0x05, 0x00, 0x6F, 0x78, 0x14, 0x91, 0x52, 0xF9, 0x00, 0x10, 0x59, 0xF9, 0x00, 0x08, 0x62, 0xF9, 0x00, 0x04, 0xF3, 0xF9, 0x00, 0x02, 0xD3, 0xFF
  .byte 0xF4, 0x35, 0xB2, 0xD7, 0x05, 0x00, 0x6F, 0x65, 0x14, 0x75, 0x52, 0xF9, 0x00, 0x09, 0x24, 0xF9, 0x00, 0x09, 0xBE, 0xF9, 0x00, 0x0F, 0x99, 0xF9, 0x00, 0x0F, 0x77, 0xF9, 0x00, 0x0F, 0x10, 0xFF
  .byte 0xD8, 0x48, 0x86, 0x40, 0x05, 0x00, 0x6F, 0x5A, 0x14, 0x63, 0x79, 0xF9, 0x00, 0x10, 0x59, 0xF9, 0x00, 0x11, 0x0B, 0xF9, 0x00, 0x04, 0xF3, 0xF9, 0x00, 0x05, 0x61, 0xFF
  .byte 0xBF, 0x46, 0xAE, 0x02, 0x05, 0x00, 0x6F, 0x6E, 0x14, 0x65, 0x6E, 0xF9, 0x00, 0x10, 0x59, 0xF9, 0x00, 0x0C, 0x8E, 0xF9, 0x00, 0x04, 0xF3, 0xF9, 0x00, 0x01, 0xE6, 0xF9, 0x00, 0x0C, 0x8E, 0xFF
  .byte 0xA1, 0x93, 0x3C, 0x9F, 0x04, 0x00, 0x6F, 0x7E, 0x57, 0xAE, 0xF9, 0x00, 0x05, 0x1E, 0xF9, 0x00, 0x04, 0x9E, 0xFF
  .byte 0x2B, 0xA6, 0xA9, 0x56, 0x04, 0x00, 0x6F, 0x78, 0x79, 0x78, 0xF9, 0x00, 0x09, 0x24, 0xF9, 0x00, 0x08, 0x79, 0xF9, 0x00, 0x08, 0xE7, 0xF9, 0x00, 0x08, 0x6B, 0xFF
  .byte 0xF7, 0xBE, 0x4B, 0xA0, 0x04, 0x00, 0x6F, 0x75, 0x79, 0x95, 0xF9, 0x00, 0x03, 0x81, 0xF9, 0x00, 0x05, 0xC2, 0xF9, 0x00, 0x05, 0xD6, 0xFF
  .byte 0xD7, 0x27, 0xA7, 0x4C, 0x04, 0x00, 0x6F, 0x52, 0x65, 0x7E, 0xF9, 0x00, 0x04, 0x24, 0xF9, 0x00, 0x03, 0x2E, 0xF9, 0x00, 0x0A, 0x21, 0xF9, 0x00, 0x0A, 0x21, 0xFF
  .byte 0x47, 0x2D, 0xF5, 0x70, 0x04, 0x00, 0x6F, 0x5B, 0x64, 0x5C, 0xF9, 0x00, 0x10, 0x70, 0xF9, 0x00, 0x07, 0xAF, 0xFF
  .byte 0xA5, 0xB9, 0xE3, 0x55, 0x04, 0x00, 0x6F, 0x5B, 0x6B, 0x7B, 0xF9, 0x00, 0x10, 0x70, 0xF9, 0x00, 0x05, 0x1A, 0xFF
  .byte 0x54, 0x10, 0xD7, 0x6B, 0x04, 0x00, 0x6F, 0x5B, 0x70, 0x61, 0xF9, 0x00, 0x09, 0x27, 0xF9, 0x00, 0x0B, 0x78, 0xF9, 0x00, 0x09, 0x6F, 0xF9, 0x00, 0x0A, 0xA1, 0xFF
  .byte 0xCA, 0xD2, 0xF8, 0xE7, 0x04, 0x00, 0x6F, 0x5B, 0x62, 0x89, 0xF9, 0x00, 0x10, 0x70, 0xF9, 0x00, 0x02, 0xAE, 0xFF
  .byte 0xCD, 0xE1, 0x4F, 0x99, 0x04, 0x00, 0x6F, 0x62, 0x98, 0x5B, 0xF9, 0x00, 0x02, 0x62, 0xF9, 0x00, 0x0E, 0xCF, 0xF9, 0x00, 0x0C, 0x6C, 0xFF
  .byte 0xCE, 0x2B, 0xE8, 0x4E, 0x04, 0x00, 0x6F, 0x5B, 0x69, 0x78, 0xF9, 0x00, 0x10, 0x70, 0xF9, 0x00, 0x10, 0x07, 0xFF
  .byte 0x71, 0x08, 0x0F, 0xB2, 0x03, 0x00, 0x6F, 0x78, 0x79, 0xF9, 0x00, 0x09, 0x24, 0xF9, 0x00, 0x08, 0x79, 0xF9, 0x00, 0x08, 0xE7, 0xFF
  .byte 0x3B, 0x76, 0x43, 0x0F, 0x03, 0x00, 0x6F, 0x65, 0x98, 0xF9, 0x00, 0x0E, 0x90, 0xFF
  .byte 0x38, 0xCB, 0xBA, 0xA8, 0x03, 0x00, 0x6F, 0x5A, 0x64, 0xF9, 0x00, 0x02, 0x51, 0xFF
  .byte 0x79, 0xC9, 0x0E, 0x8A, 0x03, 0x00, 0x6F, 0x78, 0x51, 0xF9, 0x00, 0x09, 0x24, 0xF9, 0x00, 0x08, 0x6B, 0xF9, 0x00, 0x0E, 0xB0, 0xFF
  .byte 0x31, 0x72, 0x1A, 0xD1, 0x03, 0x00, 0x6F, 0x75, 0x5A, 0xF9, 0x00, 0x10, 0x59, 0xF9, 0x00, 0x0F, 0x77, 0xF9, 0x00, 0x11, 0x0B, 0xFF
  .byte 0x79, 0xED, 0xBC, 0x96, 0x03, 0x00, 0x6F, 0x5B, 0x5C, 0xF9, 0x00, 0x10, 0x70, 0xF9, 0x00, 0x10, 0x8F, 0xFF
  .byte 0x34, 0x98, 0xCE, 0xD4, 0x03, 0x00, 0x6F, 0x52, 0x58, 0xF9, 0x00, 0x09, 0x2F, 0xF9, 0x00, 0x07, 0xD9, 0xFF
  .byte 0x58, 0xD1, 0x0E, 0x8F, 0x03, 0x00, 0x6F, 0x78, 0x5A, 0xF9, 0x00, 0x10, 0x59, 0xF9, 0x00, 0x08, 0x62, 0xF9, 0x00, 0x11, 0x0B, 0xFF
  .byte 0x9F, 0xF0, 0xBC, 0x98, 0x03, 0x00, 0x6F, 0x5B, 0x5A, 0xF9, 0x00, 0x0E, 0xAE, 0xF9, 0x00, 0x11, 0x0B, 0xFF
  .byte 0x7E, 0xF8, 0xBC, 0x9D, 0x03, 0x00, 0x6F, 0x5B, 0x55, 0xF9, 0x00, 0x10, 0x70, 0xF9, 0x00, 0x0E, 0x66, 0xFF
  .byte 0x05, 0x50, 0xEF, 0x8A, 0x03, 0x00, 0x6F, 0x95, 0x56, 0xF9, 0x00, 0x0F, 0xBE, 0xF9, 0x00, 0x0E, 0x10, 0xFF
  .byte 0xE5, 0x6B, 0x1A, 0xCD, 0x03, 0x00, 0x6F, 0x75, 0x56, 0xF9, 0x00, 0x10, 0x59, 0xF9, 0x00, 0x0F, 0x77, 0xF9, 0x00, 0x0E, 0x10, 0xFF
  .byte 0xBD, 0x32, 0xBD, 0xC2, 0x03, 0x00, 0x6F, 0x5B, 0x70, 0xF9, 0x00, 0x10, 0x70, 0xF9, 0x00, 0x09, 0x58, 0xFF
  .byte 0x32, 0xCE, 0x0E, 0x8D, 0x03, 0x00, 0x6F, 0x78, 0x54, 0xF9, 0x00, 0x10, 0x59, 0xF9, 0x00, 0x08, 0x62, 0xF9, 0x00, 0x05, 0x73, 0xFF
  .byte 0x2A, 0x5E, 0x20, 0xBA, 0x03, 0x00, 0x6F, 0x73, 0x79, 0xF9, 0x00, 0x0C, 0x1D, 0xFF
  .byte 0x83, 0xD2, 0x42, 0xA7, 0x03, 0x00, 0x6F, 0x65, 0x70, 0xF9, 0x00, 0x10, 0x59, 0xF9, 0x00, 0x09, 0xC4, 0xF9, 0x00, 0x09, 0x58, 0xFF
  .byte 0xAE, 0xBB, 0x0D, 0xC2, 0x03, 0x00, 0x6F, 0x89, 0x6F, 0xF9, 0x00, 0x05, 0x7D, 0xF9, 0x00, 0x0E, 0xBB, 0xF9, 0x00, 0x03, 0x78, 0xFF
  .byte 0x23, 0x43, 0xC6, 0xD0, 0x03, 0x00, 0x6F, 0x57, 0x5A, 0xF9, 0x00, 0x10, 0x59, 0xF9, 0x00, 0x09, 0xB4, 0xF9, 0x00, 0x11, 0x0B, 0xFF
  .byte 0xDA, 0xC4, 0x6E, 0xCB, 0x03, 0x00, 0x6F, 0xA0, 0x64, 0xF9, 0x00, 0x03, 0x2D, 0xF9, 0x00, 0x11, 0x0B, 0xFF
  .byte 0xD0, 0xAE, 0x6E, 0xBD, 0x03, 0x00, 0x6F, 0xA0, 0x6A, 0xF9, 0x00, 0x05, 0x96, 0xF9, 0x00, 0x0C, 0x7C, 0xFF
  .byte 0x6B, 0xF2, 0x33, 0x3A, 0x02, 0x00, 0x6F, 0x57, 0xF9, 0x00, 0x10, 0x59, 0xF9, 0x00, 0x0D, 0xC7, 0xFF
  .byte 0x0F, 0xD7, 0x32, 0x86, 0x02, 0x00, 0x6F, 0x8B, 0xF9, 0x00, 0x09, 0x24, 0xF9, 0x00, 0x04, 0x54, 0xFF
  .byte 0x63, 0x31, 0x34, 0x62, 0x02, 0x00, 0x6F, 0x6F, 0xF9, 0x00, 0x09, 0x22, 0xF9, 0x00, 0x09, 0x22, 0xFF
; bucket 0x70 (34 entries)
  .byte 0xF6, 0x62, 0xC9, 0xE3, 0x06, 0x00, 0x70, 0x66, 0x5D, 0x56, 0xAE, 0x64, 0xF9, 0x00, 0x09, 0x6C, 0xF9, 0x00, 0x09, 0xD9, 0xF9, 0x00, 0x0B, 0x39, 0xFF
  .byte 0xB5, 0x93, 0x4B, 0xD0, 0x05, 0x00, 0x70, 0x66, 0x78, 0x85, 0x53, 0xF9, 0x00, 0x09, 0x6C, 0xF9, 0x00, 0x09, 0xD9, 0xF9, 0x00, 0x08, 0xCD, 0xFF
  .byte 0xF3, 0x4B, 0xAD, 0x1E, 0x05, 0x00, 0x70, 0x85, 0x53, 0x62, 0xAE, 0xF9, 0x00, 0x02, 0x2E, 0xF9, 0x00, 0x09, 0x66, 0xFF
  .byte 0x30, 0x2C, 0x4F, 0xD8, 0x05, 0x00, 0x70, 0x79, 0x60, 0x7E, 0x58, 0xF9, 0x00, 0x02, 0xD3, 0xF9, 0x00, 0x09, 0xC2, 0xF9, 0x00, 0x04, 0xA6, 0xFF
  .byte 0x8E, 0x42, 0xA4, 0xA9, 0x05, 0x00, 0x70, 0x8E, 0x8B, 0x7B, 0x53, 0xF9, 0x00, 0x0C, 0x51, 0xF9, 0x00, 0x0F, 0xCA, 0xF9, 0x00, 0x0F, 0x91, 0xFF
  .byte 0x86, 0xDB, 0xAB, 0x2F, 0x05, 0x00, 0x70, 0x7B, 0x56, 0x7B, 0x5D, 0xF9, 0x00, 0x09, 0x58, 0xF9, 0x00, 0x09, 0xBF, 0xF9, 0x00, 0x0C, 0x5C, 0xFF
  .byte 0x27, 0xF2, 0xF1, 0xE8, 0x05, 0x00, 0x70, 0x6E, 0x14, 0x78, 0x5A, 0xF9, 0x00, 0x09, 0x58, 0xF9, 0x00, 0x0C, 0x8E, 0xF9, 0x00, 0x04, 0xF3, 0xF9, 0x00, 0x08, 0x67, 0xF9, 0x00, 0x07, 0xD7, 0xFF
  .byte 0xC8, 0xC2, 0x48, 0x6C, 0x05, 0x00, 0x70, 0x53, 0x14, 0x75, 0x57, 0xF9, 0x00, 0x09, 0x58, 0xF9, 0x00, 0x0F, 0x9E, 0xF9, 0x00, 0x04, 0xF3, 0xF9, 0x00, 0x0E, 0x92, 0xFF
  .byte 0xFA, 0xAE, 0xA2, 0x0E, 0x04, 0x00, 0x70, 0x62, 0x6A, 0x79, 0xF9, 0x00, 0x04, 0xAA, 0xF9, 0x00, 0x02, 0x9A, 0xFF
  .byte 0xF7, 0xAA, 0xFB, 0x4B, 0x03, 0x00, 0x70, 0x85, 0x53, 0xF9, 0x00, 0x09, 0x66, 0xF9, 0x00, 0x05, 0x50, 0xFF
  .byte 0xC2, 0x74, 0x24, 0x65, 0x03, 0x00, 0x70, 0x95, 0x78, 0xF9, 0x00, 0x09, 0x06, 0xFF
  .byte 0x70, 0xCF, 0x55, 0x3B, 0x03, 0x00, 0x70, 0x61, 0x5A, 0xF9, 0x00, 0x09, 0x58, 0xF9, 0x00, 0x10, 0x98, 0xF9, 0x00, 0x11, 0x0B, 0xFF
  .byte 0xD1, 0x69, 0xB5, 0x5B, 0x03, 0x00, 0x70, 0x5A, 0x64, 0xF9, 0x00, 0x0D, 0x7A, 0xF9, 0x00, 0x08, 0x29, 0xF9, 0x00, 0x0B, 0x4B, 0xFF
  .byte 0x5A, 0x28, 0x52, 0x56, 0x03, 0x00, 0x70, 0x62, 0x89, 0xF9, 0x00, 0x04, 0xAA, 0xF9, 0x00, 0x0D, 0xA7, 0xFF
  .byte 0x47, 0xFC, 0xBD, 0x86, 0x03, 0x00, 0x70, 0x57, 0x55, 0xF9, 0x00, 0x04, 0x33, 0xF9, 0x00, 0x03, 0xF5, 0xFF
  .byte 0xEE, 0xE0, 0x6D, 0x43, 0x03, 0x00, 0x70, 0x77, 0x52, 0xF9, 0x00, 0x0D, 0x7A, 0xF9, 0x00, 0x08, 0x29, 0xFF
  .byte 0x97, 0x86, 0xBB, 0x63, 0x03, 0x00, 0x70, 0x58, 0x78, 0xF9, 0x00, 0x09, 0x6F, 0xF9, 0x00, 0x07, 0xD7, 0xF9, 0x00, 0x08, 0x70, 0xFF
  .byte 0xB4, 0xFA, 0xBD, 0x85, 0x03, 0x00, 0x70, 0x57, 0x54, 0xF9, 0x00, 0x09, 0x58, 0xF9, 0x00, 0x05, 0xB8, 0xF9, 0x00, 0x05, 0x6A, 0xFF
  .byte 0x13, 0x2D, 0x52, 0x59, 0x03, 0x00, 0x70, 0x62, 0x76, 0xF9, 0x00, 0x04, 0xAA, 0xF9, 0x00, 0x02, 0xDA, 0xFF
  .byte 0x41, 0x26, 0x76, 0x3D, 0x03, 0x00, 0x70, 0x74, 0x5A, 0xF9, 0x00, 0x04, 0x74, 0xF9, 0x00, 0x11, 0x0B, 0xFF
  .byte 0x28, 0x54, 0xB3, 0x75, 0x03, 0x00, 0x70, 0x5B, 0x64, 0xF9, 0x00, 0x09, 0x58, 0xF9, 0x00, 0x08, 0x64, 0xFF
  .byte 0xE7, 0x1E, 0xE6, 0x70, 0x03, 0x00, 0x70, 0x8E, 0x6E, 0xF9, 0x00, 0x0B, 0x70, 0xF9, 0x00, 0x0C, 0x8E, 0xFF
  .byte 0x51, 0x0D, 0xB3, 0x48, 0x03, 0x00, 0x70, 0x5B, 0x57, 0xF9, 0x00, 0x09, 0x58, 0xFF
  .byte 0xBB, 0xCA, 0x72, 0x88, 0x03, 0x00, 0x70, 0x75, 0x57, 0xF9, 0x00, 0x09, 0x58, 0xF9, 0x00, 0x0E, 0x92, 0xFF
  .byte 0xF6, 0xEA, 0xBD, 0x7B, 0x03, 0x00, 0x70, 0x57, 0x5A, 0xF9, 0x00, 0x09, 0x58, 0xF9, 0x00, 0x05, 0xB8, 0xF9, 0x00, 0x11, 0x0B, 0xFF
  .byte 0xEC, 0x29, 0xE6, 0x77, 0x03, 0x00, 0x70, 0x8E, 0x57, 0xF9, 0x00, 0x0B, 0x70, 0xF9, 0x00, 0x0D, 0xC7, 0xFF
  .byte 0x8A, 0x41, 0x52, 0x66, 0x03, 0x00, 0x70, 0x62, 0x79, 0xF9, 0x00, 0x04, 0xAA, 0xF9, 0x00, 0x08, 0xC3, 0xFF
  .byte 0xD2, 0xB9, 0x3E, 0x66, 0x03, 0x00, 0x70, 0x6A, 0x79, 0xF9, 0x00, 0x09, 0x58, 0xF9, 0x00, 0x02, 0x9A, 0xFF
  .byte 0x54, 0xC8, 0xBD, 0x65, 0x03, 0x00, 0x70, 0x57, 0x74, 0xF9, 0x00, 0x0B, 0x7D, 0xF9, 0x00, 0x09, 0xB4, 0xF9, 0x00, 0x0F, 0x02, 0xFF
  .byte 0x36, 0xEE, 0xB0, 0x5C, 0x03, 0x00, 0x70, 0x5C, 0x7B, 0xF9, 0x00, 0x09, 0x58, 0xF9, 0x00, 0x10, 0x98, 0xF9, 0x00, 0x08, 0xC7, 0xFF
  .byte 0x37, 0x8F, 0x4B, 0x6C, 0x03, 0x00, 0x70, 0x65, 0x73, 0xF9, 0x00, 0x09, 0x58, 0xF9, 0x00, 0x01, 0xC3, 0xFF
  .byte 0x3B, 0x9C, 0x4E, 0x7B, 0x02, 0x00, 0x70, 0x56, 0xF9, 0x00, 0x09, 0x58, 0xF9, 0x00, 0x0E, 0x10, 0xFF
  .byte 0x3E, 0x52, 0x4E, 0x4C, 0x02, 0x00, 0x70, 0x65, 0xF9, 0x00, 0x09, 0x58, 0xF9, 0x00, 0x09, 0xC4, 0xFF
  .byte 0xA8, 0x9A, 0x4E, 0x7A, 0x02, 0x00, 0x70, 0x57, 0xF9, 0x00, 0x09, 0x58, 0xF9, 0x00, 0x0D, 0xC7, 0xFF
; bucket 0x71 (4 entries)
  .byte 0x33, 0x74, 0xEA, 0xB7, 0x05, 0x00, 0x71, 0x61, 0x85, 0xAE, 0x79, 0xF9, 0x00, 0x09, 0x6C, 0xF9, 0x00, 0x02, 0x9D, 0xF9, 0x00, 0x0D, 0x46, 0xFF
  .byte 0xF3, 0x6B, 0xEC, 0x43, 0x04, 0x00, 0x71, 0x77, 0x6F, 0x5B, 0xF9, 0x00, 0x02, 0xC5, 0xF9, 0x00, 0x10, 0x70, 0xFF
  .byte 0xF6, 0xC3, 0xA0, 0x03, 0x03, 0x00, 0x71, 0x53, 0x6F, 0xF9, 0x00, 0x09, 0x66, 0xF9, 0x00, 0x0E, 0xE6, 0xFF
  .byte 0x65, 0x23, 0x4C, 0x56, 0x02, 0x00, 0x71, 0x7B, 0xF9, 0x00, 0x0C, 0x17, 0xFF
; bucket 0x72 (10 entries)
  .byte 0x39, 0x4F, 0x43, 0x2E, 0x05, 0x00, 0x72, 0x69, 0x58, 0x77, 0x8A, 0xF9, 0x00, 0x09, 0x24, 0xF9, 0x00, 0x17, 0x4E, 0xF9, 0x00, 0x0C, 0x51, 0xF9, 0x00, 0x09, 0xAE, 0xFF
  .byte 0x98, 0xC2, 0xC4, 0x25, 0x05, 0x00, 0x72, 0x87, 0x66, 0x53, 0x71, 0xF9, 0x00, 0x02, 0xD3, 0xF9, 0x00, 0x1C, 0x98, 0xF9, 0x00, 0x08, 0x12, 0xFF
  .byte 0xE2, 0xBC, 0x5A, 0xB7, 0x05, 0x00, 0x72, 0x60, 0x89, 0x7B, 0x5D, 0xF9, 0x00, 0x07, 0x8E, 0xF9, 0x00, 0x07, 0x42, 0xF9, 0x00, 0x04, 0x9E, 0xFF
  .byte 0x9E, 0x00, 0x1D, 0x04, 0x04, 0x00, 0x72, 0x60, 0x73, 0x7E, 0xF9, 0x00, 0x01, 0x38, 0xF9, 0x00, 0x01, 0xA1, 0xF9, 0x00, 0x04, 0x9E, 0xFF
  .byte 0xD2, 0x46, 0x8E, 0xFE, 0x04, 0x00, 0x72, 0x78, 0xAE, 0x9D, 0xF9, 0x00, 0x14, 0x21, 0xF9, 0x00, 0x08, 0x70, 0xF9, 0x00, 0x0E, 0xDB, 0xFF
  .byte 0xBE, 0x41, 0x01, 0x13, 0x04, 0x00, 0x72, 0x60, 0x7E, 0x89, 0xF9, 0x00, 0x07, 0x42, 0xF9, 0x00, 0x0C, 0x39, 0xF9, 0x00, 0x04, 0x9E, 0xFF
  .byte 0xEC, 0x34, 0x62, 0x35, 0x03, 0x00, 0x72, 0x89, 0x70, 0xF9, 0x00, 0x05, 0x6A, 0xF9, 0x00, 0x09, 0x58, 0xFF
  .byte 0xC8, 0x16, 0xAE, 0x36, 0x03, 0x00, 0x72, 0xAE, 0x79, 0xF9, 0x00, 0x0F, 0x78, 0xF9, 0x00, 0x05, 0xE9, 0xFF
  .byte 0xC5, 0x34, 0x54, 0x2F, 0x02, 0x00, 0x72, 0x52, 0xF9, 0x00, 0x0E, 0xA8, 0xF9, 0x00, 0x0F, 0x12, 0xFF
  .byte 0x58, 0x36, 0x54, 0x30, 0x02, 0x00, 0x72, 0x5D, 0xF9, 0x00, 0x02, 0xA6, 0xF9, 0x00, 0x0E, 0x5F, 0xFF
; bucket 0x73 (9 entries)
  .byte 0x86, 0xA5, 0x09, 0xF8, 0x05, 0x00, 0x73, 0x79, 0x6C, 0x83, 0x7E, 0xF9, 0x00, 0x09, 0x9C, 0xF9, 0x00, 0x08, 0xE4, 0xF9, 0x00, 0x03, 0x8F, 0xFF
  .byte 0xAE, 0x80, 0x4E, 0xAE, 0x05, 0x00, 0x73, 0x7E, 0x8D, 0x84, 0x77, 0xF9, 0x00, 0x09, 0x35, 0xF9, 0x00, 0x0C, 0xDA, 0xF9, 0x00, 0x04, 0x9E, 0xFF
  .byte 0x1E, 0xA5, 0x27, 0x04, 0x04, 0x00, 0x73, 0x64, 0x6C, 0x70, 0xF9, 0x00, 0x0F, 0xB6, 0xF9, 0x00, 0x0D, 0x8A, 0xFF
  .byte 0xF2, 0x76, 0xDA, 0x8F, 0x04, 0x00, 0x73, 0x78, 0x56, 0x8E, 0xF9, 0x00, 0x0B, 0x8B, 0xF9, 0x00, 0x04, 0xF3, 0xFF
  .byte 0x16, 0x0A, 0x02, 0xAA, 0x03, 0x00, 0x73, 0x5A, 0x5A, 0xF9, 0x00, 0x0B, 0x57, 0xF9, 0x00, 0x0B, 0x57, 0xF9, 0x00, 0x0E, 0xDB, 0xFF
  .byte 0xC1, 0x50, 0x56, 0xB9, 0x03, 0x00, 0x73, 0x78, 0x55, 0xF9, 0x00, 0x0B, 0x8B, 0xF9, 0x00, 0x03, 0xF5, 0xFF
  .byte 0x9F, 0x97, 0x24, 0xA7, 0x03, 0x00, 0x73, 0x64, 0x57, 0xF9, 0x00, 0x0F, 0xB6, 0xF9, 0x00, 0x05, 0x86, 0xFF
  .byte 0xA7, 0x1B, 0x3F, 0xD0, 0x03, 0x00, 0x73, 0x73, 0x7E, 0xF9, 0x00, 0x09, 0x61, 0xF9, 0x00, 0x09, 0x61, 0xFF
  .byte 0x3C, 0x0D, 0x02, 0xAC, 0x03, 0x00, 0x73, 0x5A, 0x5C, 0xF9, 0x00, 0x09, 0x9C, 0xF9, 0x00, 0x04, 0x8D, 0xF9, 0x00, 0x0A, 0xE0, 0xFF
; bucket 0x74 (15 entries)
  .byte 0xAE, 0xAE, 0x87, 0x0B, 0x05, 0x00, 0x74, 0x7E, 0x74, 0x7E, 0x6F, 0xF9, 0x00, 0x1C, 0x56, 0xF9, 0x00, 0x1C, 0x56, 0xF9, 0x00, 0x1C, 0x48, 0xFF
  .byte 0x49, 0x36, 0xFD, 0x28, 0x05, 0x00, 0x74, 0x70, 0x56, 0x77, 0x5D, 0xF9, 0x00, 0x05, 0x09, 0xF9, 0x00, 0x01, 0x14, 0xF9, 0x00, 0x0E, 0xA4, 0xFF
  .byte 0x1E, 0x65, 0xA9, 0xE1, 0x05, 0x00, 0x74, 0x95, 0x57, 0x7E, 0x89, 0xF9, 0x00, 0x02, 0xD4, 0xF9, 0x00, 0x02, 0xD4, 0xF9, 0x00, 0x0D, 0x5D, 0xFF
  .byte 0x63, 0xD7, 0xFA, 0x79, 0x05, 0x00, 0x74, 0x79, 0x57, 0x73, 0x69, 0xF9, 0x00, 0x04, 0xC5, 0xF9, 0x00, 0x03, 0x54, 0xF9, 0x00, 0x0F, 0xBF, 0xFF
  .byte 0x83, 0xE3, 0x03, 0x75, 0x04, 0x00, 0x74, 0x95, 0x77, 0x7E, 0xF9, 0x00, 0x02, 0xD4, 0xF9, 0x00, 0x07, 0xD5, 0xF9, 0x00, 0x0C, 0x23, 0xFF
  .byte 0x87, 0x7E, 0xD4, 0x0B, 0x04, 0x00, 0x74, 0x8D, 0x7B, 0x7E, 0xF9, 0x00, 0x0C, 0xED, 0xF9, 0x00, 0x02, 0x55, 0xF9, 0x00, 0x0A, 0x19, 0xFF
  .byte 0x3E, 0x4D, 0xE5, 0x41, 0x04, 0x00, 0x74, 0x70, 0x77, 0x70, 0xF9, 0x00, 0x04, 0x7C, 0xF9, 0x00, 0x05, 0x77, 0xF9, 0x00, 0x0E, 0xC4, 0xFF
  .byte 0x83, 0x60, 0xC1, 0x21, 0x04, 0x00, 0x74, 0x5D, 0x69, 0x98, 0xF9, 0x00, 0x07, 0xC3, 0xF9, 0x00, 0x0E, 0x50, 0xFF
  .byte 0x1E, 0xB1, 0xB7, 0xAE, 0x04, 0x00, 0x74, 0x5D, 0x75, 0x57, 0xF9, 0x00, 0x07, 0xC3, 0xF9, 0x00, 0x0E, 0x5D, 0xFF
  .byte 0x08, 0x7C, 0xBD, 0x82, 0x04, 0x00, 0x74, 0x5D, 0x6B, 0x7B, 0xF9, 0x00, 0x07, 0xC3, 0xF9, 0x00, 0x05, 0x1A, 0xFF
  .byte 0x34, 0x97, 0x9D, 0xAB, 0x03, 0x00, 0x74, 0x95, 0x7E, 0xF9, 0x00, 0x02, 0xD4, 0xF9, 0x00, 0x02, 0xD4, 0xF9, 0x00, 0x0C, 0x23, 0xFF
  .byte 0xA7, 0x8F, 0x26, 0x9B, 0x03, 0x00, 0x74, 0x76, 0x52, 0xF9, 0x00, 0x09, 0x6E, 0xF9, 0x00, 0x0B, 0xD8, 0xFF
  .byte 0x1D, 0xB2, 0x7A, 0x93, 0x03, 0x00, 0x74, 0x54, 0x5A, 0xF9, 0x00, 0x01, 0x2A, 0xF9, 0x00, 0x10, 0xA9, 0xF9, 0x00, 0x11, 0x0B, 0xFF
  .byte 0x8A, 0x01, 0x8C, 0x97, 0x03, 0x00, 0x74, 0x5D, 0x54, 0xF9, 0x00, 0x01, 0x11, 0xF9, 0x00, 0x05, 0xF6, 0xFF
  .byte 0xFF, 0x59, 0xF9, 0x8C, 0x03, 0x00, 0x74, 0x60, 0x9C, 0xF9, 0x00, 0x03, 0xEA, 0xF9, 0x00, 0x0F, 0x6D, 0xF9, 0x00, 0x0C, 0x15, 0xFF
; bucket 0x75 (14 entries)
  .byte 0x81, 0xDF, 0x37, 0x44, 0x05, 0x00, 0x75, 0x7E, 0x8A, 0x77, 0xAE, 0xF9, 0x00, 0x0F, 0x70, 0xF9, 0x00, 0x05, 0x86, 0xF9, 0x00, 0x08, 0x22, 0xFF
  .byte 0x68, 0xB7, 0x33, 0x67, 0x05, 0x00, 0x75, 0x57, 0x7C, 0x77, 0x5C, 0xF9, 0x00, 0x0E, 0x92, 0xF9, 0x00, 0x0D, 0x17, 0xF9, 0x00, 0x11, 0x0B, 0xFF
  .byte 0xEE, 0xA3, 0x5D, 0xF6, 0x05, 0x00, 0x75, 0x7A, 0x52, 0x95, 0x79, 0xF9, 0x00, 0x0E, 0xE8, 0xF9, 0x00, 0x08, 0x2F, 0xF9, 0x00, 0x01, 0x38, 0xF9, 0x00, 0x04, 0xF5, 0xFF
  .byte 0xAF, 0x4E, 0x18, 0xEA, 0x04, 0x00, 0x75, 0x53, 0x5D, 0x59, 0xF9, 0x00, 0x0F, 0xAF, 0xF9, 0x00, 0x07, 0x3B, 0xFF
  .byte 0x7A, 0x71, 0x13, 0xAD, 0x04, 0x00, 0x75, 0x53, 0x5B, 0x58, 0xF9, 0x00, 0x0F, 0xAF, 0xF9, 0x00, 0x11, 0x2F, 0xFF
  .byte 0x6A, 0x2F, 0x42, 0x69, 0x03, 0x00, 0x75, 0x53, 0x57, 0xF9, 0x00, 0x1E, 0x91, 0xF9, 0x00, 0x0C, 0x3C, 0xFF
  .byte 0x5B, 0x0E, 0x42, 0x54, 0x03, 0x00, 0x75, 0x53, 0x60, 0xF9, 0x00, 0x0F, 0x70, 0xF9, 0x00, 0x0C, 0xAC, 0xFF
  .byte 0xA7, 0x14, 0x42, 0x58, 0x03, 0x00, 0x75, 0x53, 0x64, 0xF9, 0x00, 0x0F, 0x74, 0xF9, 0x00, 0x0B, 0x4B, 0xFF
  .byte 0x77, 0xFB, 0x41, 0x48, 0x03, 0x00, 0x75, 0x53, 0x74, 0xF9, 0x00, 0x0F, 0x74, 0xF9, 0x00, 0x0C, 0xAC, 0xFF
  .byte 0xC0, 0x4A, 0xE1, 0x3B, 0x03, 0x00, 0x75, 0x93, 0x79, 0xF9, 0x00, 0x0B, 0x43, 0xFF
  .byte 0xAA, 0xAB, 0x9E, 0x68, 0x03, 0x00, 0x75, 0x78, 0x56, 0xF9, 0x00, 0x0F, 0x77, 0xF9, 0x00, 0x08, 0x64, 0xF9, 0x00, 0x0E, 0x10, 0xFF
  .byte 0xB0, 0x3B, 0x4C, 0x17, 0x03, 0x00, 0x75, 0x57, 0x55, 0xF9, 0x00, 0x0E, 0x92, 0xF9, 0x00, 0x09, 0xC6, 0xFF
  .byte 0x7E, 0x3A, 0x4A, 0x3E, 0x03, 0x00, 0x75, 0x56, 0x78, 0xF9, 0x00, 0x0F, 0x77, 0xF9, 0x00, 0x0E, 0x10, 0xF9, 0x00, 0x08, 0x64, 0xFF
  .byte 0x93, 0xE8, 0x41, 0x3C, 0x03, 0x00, 0x75, 0x53, 0x78, 0xF9, 0x00, 0x01, 0x38, 0xF9, 0x00, 0x04, 0xF5, 0xFF
; bucket 0x76 (13 entries)
  .byte 0xD5, 0xEC, 0xC9, 0x77, 0x05, 0x00, 0x76, 0x79, 0x69, 0x8E, 0x58, 0xF9, 0x00, 0x09, 0x40, 0xF9, 0x00, 0x0D, 0x1F, 0xF9, 0x00, 0x0F, 0x09, 0xF9, 0x00, 0x0F, 0x53, 0xFF
  .byte 0x07, 0x5C, 0x64, 0x86, 0x05, 0x00, 0x76, 0xAE, 0x88, 0x77, 0x5D, 0xF9, 0x00, 0x0F, 0x85, 0xF9, 0x00, 0x05, 0x86, 0xF9, 0x00, 0x08, 0x22, 0xF9, 0x00, 0x0C, 0x5C, 0xFF
  .byte 0xE9, 0x42, 0x95, 0x5F, 0x04, 0x00, 0x76, 0x6F, 0x7C, 0x79, 0xF9, 0x00, 0x0F, 0x09, 0xF9, 0x00, 0x0E, 0x9B, 0xF9, 0x00, 0x08, 0xBC, 0xFF
  .byte 0xF1, 0xBF, 0x15, 0x6B, 0x04, 0x00, 0x76, 0x53, 0x6D, 0x52, 0xF9, 0x00, 0x0E, 0xDC, 0xF9, 0x00, 0x0A, 0x78, 0xFF
  .byte 0x72, 0x7B, 0x71, 0x2D, 0x04, 0x00, 0x76, 0x5C, 0x6A, 0x79, 0xF9, 0x00, 0x0F, 0xC8, 0xF9, 0x00, 0x0D, 0xBD, 0xF9, 0x00, 0x04, 0xC6, 0xF9, 0x00, 0x08, 0xE4, 0xFF
  .byte 0x0F, 0x1D, 0xA2, 0x50, 0x04, 0x00, 0x76, 0x53, 0x52, 0x61, 0xF9, 0x00, 0x0F, 0xC8, 0xF9, 0x00, 0x0F, 0x11, 0xF9, 0x00, 0x0A, 0xA1, 0xFF
  .byte 0xD7, 0x67, 0x60, 0x4F, 0x04, 0x00, 0x76, 0x5C, 0x51, 0x57, 0xF9, 0x00, 0x0F, 0xC8, 0xF9, 0x00, 0x0D, 0xBD, 0xF9, 0x00, 0x01, 0x01, 0xF9, 0x00, 0x05, 0x86, 0xFF
  .byte 0x71, 0x4A, 0x8B, 0x50, 0x04, 0x00, 0x76, 0x5C, 0x60, 0x56, 0xF9, 0x00, 0x05, 0xB9, 0xF9, 0x00, 0x0E, 0x2D, 0xFF
  .byte 0xDE, 0x3E, 0x75, 0x24, 0x04, 0x00, 0x76, 0x5C, 0x69, 0x78, 0xF9, 0x00, 0x0F, 0x35, 0xF9, 0x00, 0x10, 0x07, 0xFF
  .byte 0xFB, 0x69, 0x3D, 0xA4, 0x03, 0x00, 0x76, 0x78, 0x5A, 0xF9, 0x00, 0x0F, 0x10, 0xF9, 0x00, 0x11, 0x0B, 0xFF
  .byte 0x21, 0x29, 0xF8, 0x91, 0x03, 0x00, 0x76, 0x5C, 0x74, 0xF9, 0x00, 0x0F, 0xC8, 0xF9, 0x00, 0x0D, 0xBD, 0xF9, 0x00, 0x0E, 0xF5, 0xFF
  .byte 0xF1, 0x0F, 0xF8, 0x81, 0x03, 0x00, 0x76, 0x5C, 0x64, 0xF9, 0x00, 0x03, 0xBF, 0xF9, 0x00, 0x0B, 0x4B, 0xFF
  .byte 0x2E, 0xF5, 0xF7, 0x70, 0x03, 0x00, 0x76, 0x5C, 0x55, 0xF9, 0x00, 0x0F, 0x35, 0xF9, 0x00, 0x0E, 0x66, 0xFF
; bucket 0x77 (17 entries)
  .byte 0x89, 0xE6, 0x51, 0xF3, 0x08, 0x00, 0x77, 0x98, 0x77, 0x98, 0x56, 0xA0, 0x9D, 0x79, 0xF9, 0x00, 0x03, 0x9C, 0xF9, 0x00, 0x01, 0x0D, 0xF9, 0x00, 0x0B, 0x0B, 0xF9, 0x00, 0x08, 0xF3, 0xFF
  .byte 0xBF, 0x99, 0x2D, 0xD6, 0x05, 0x00, 0x77, 0x52, 0x61, 0x85, 0x53, 0xF9, 0x00, 0x08, 0x4C, 0xF9, 0x00, 0x0B, 0x12, 0xFF
  .byte 0x63, 0xAE, 0x77, 0x19, 0x05, 0x00, 0x77, 0x6C, 0x7A, 0x5C, 0x51, 0xF9, 0x00, 0x01, 0x33, 0xF9, 0x00, 0x0D, 0x5D, 0xF9, 0x00, 0x05, 0x35, 0xFF
  .byte 0x64, 0xD4, 0xD4, 0x28, 0x05, 0x00, 0x77, 0x7E, 0x60, 0xAE, 0x7E, 0xF9, 0x00, 0x03, 0x2E, 0xF9, 0x00, 0x03, 0x0D, 0xF9, 0x00, 0x04, 0x9E, 0xFF
  .byte 0x77, 0x41, 0xAC, 0x83, 0x05, 0x00, 0x77, 0x89, 0x77, 0xAE, 0x8D, 0xF9, 0x00, 0x07, 0x8E, 0xF9, 0x00, 0x10, 0x46, 0xF9, 0x00, 0x04, 0x9E, 0xFF
  .byte 0x5F, 0x8E, 0xE4, 0xBD, 0x05, 0x00, 0x77, 0x52, 0x9A, 0x79, 0x64, 0xF9, 0x00, 0x08, 0x4C, 0xF9, 0x00, 0x03, 0x2E, 0xF9, 0x00, 0x0C, 0x23, 0xFF
  .byte 0x3B, 0x7B, 0xDF, 0xE3, 0x05, 0x00, 0x77, 0x63, 0x80, 0x51, 0x5D, 0xF9, 0x00, 0x08, 0x22, 0xF9, 0x00, 0x03, 0x22, 0xF9, 0x00, 0x0E, 0xB0, 0xF9, 0x00, 0x0C, 0x5C, 0xFF
  .byte 0x1F, 0x1C, 0xD6, 0xA3, 0x05, 0x00, 0x77, 0x63, 0x80, 0x55, 0x5D, 0xF9, 0x00, 0x08, 0x22, 0xF9, 0x00, 0x03, 0x22, 0xF9, 0x00, 0x0A, 0x14, 0xF9, 0x00, 0x0C, 0x5C, 0xFF
  .byte 0x13, 0xB4, 0x9E, 0x93, 0x04, 0x00, 0x77, 0xA0, 0x57, 0xAE, 0xF9, 0x00, 0x05, 0x95, 0xF9, 0x00, 0x08, 0x70, 0xF9, 0x00, 0x02, 0xEE, 0xFF
  .byte 0xBD, 0xA2, 0xF1, 0x72, 0x04, 0x00, 0x77, 0x9D, 0x77, 0x5D, 0xF9, 0x00, 0x08, 0x22, 0xF9, 0x00, 0x0A, 0x90, 0xF9, 0x00, 0x08, 0x22, 0xF9, 0x00, 0x0C, 0x5C, 0xFF
  .byte 0x83, 0x28, 0x3C, 0xF0, 0x04, 0x00, 0x77, 0x52, 0x5A, 0x53, 0xF9, 0x00, 0x08, 0x4C, 0xF9, 0x00, 0x04, 0x73, 0xFF
  .byte 0x0B, 0xDD, 0xFE, 0xB4, 0x04, 0x00, 0x77, 0x98, 0x56, 0x5D, 0xF9, 0x00, 0x01, 0x0D, 0xF9, 0x00, 0x0E, 0x4F, 0xF9, 0x00, 0x0F, 0x91, 0xFF
  .byte 0x6F, 0x93, 0x42, 0x7B, 0x04, 0x00, 0x77, 0x58, 0x77, 0x52, 0xF9, 0x00, 0x09, 0x1E, 0xF9, 0x00, 0x08, 0x4C, 0xF9, 0x00, 0x0C, 0x23, 0xFF
  .byte 0x12, 0xD6, 0x7B, 0x4F, 0x04, 0x00, 0x77, 0x79, 0x64, 0x5D, 0xF9, 0x00, 0x08, 0x22, 0xF9, 0x00, 0x08, 0xE4, 0xF9, 0x00, 0x08, 0x22, 0xF9, 0x00, 0x0C, 0x62, 0xFF
  .byte 0xE6, 0xC2, 0x7F, 0x00, 0x03, 0x00, 0x77, 0xA0, 0x60, 0xF9, 0x00, 0x08, 0x22, 0xF9, 0x00, 0x02, 0xCF, 0xFF
  .byte 0x3E, 0x73, 0xBA, 0x10, 0x03, 0x00, 0x77, 0x98, 0x60, 0xF9, 0x00, 0x08, 0x22, 0xF9, 0x00, 0x01, 0xD7, 0xF9, 0x00, 0x0C, 0xA1, 0xFF
  .byte 0xC5, 0x9C, 0x47, 0x50, 0x02, 0x00, 0x77, 0x71, 0xF9, 0x00, 0x08, 0x22, 0xF9, 0x00, 0x09, 0xAD, 0xFF
; bucket 0x78 (9 entries)
  .byte 0xA2, 0xD8, 0x8D, 0x19, 0x05, 0x00, 0x78, 0x8C, 0xAE, 0x95, 0x7E, 0xF9, 0x00, 0x0A, 0x44, 0xF9, 0x00, 0x05, 0x7D, 0xF9, 0x00, 0x08, 0xCD, 0xFF
  .byte 0x5F, 0x7C, 0x0B, 0xD0, 0x05, 0x00, 0x78, 0x86, 0x53, 0x6D, 0x52, 0xF9, 0x00, 0x08, 0xBB, 0xF9, 0x00, 0x0A, 0x78, 0xFF
  .byte 0x68, 0x32, 0x25, 0xB3, 0x04, 0x00, 0x78, 0x8C, 0xAE, 0x95, 0xF9, 0x00, 0x05, 0x7D, 0xF9, 0x00, 0x07, 0xE4, 0xF9, 0x00, 0x08, 0xCD, 0xFF
  .byte 0x5B, 0xBF, 0x9B, 0x18, 0x04, 0x00, 0x78, 0x7E, 0x89, 0x6F, 0xF9, 0x00, 0x0B, 0x26, 0xF9, 0x00, 0x0B, 0x26, 0xF9, 0x00, 0x0E, 0x67, 0xFF
  .byte 0x8A, 0x7E, 0x2C, 0xA0, 0x04, 0x00, 0x78, 0x78, 0xAE, 0x77, 0xF9, 0x00, 0x02, 0x85, 0xF9, 0x00, 0x0C, 0x1B, 0xF9, 0x00, 0x01, 0x38, 0xF9, 0x00, 0x04, 0xF5, 0xFF
  .byte 0x60, 0x75, 0xE1, 0x6B, 0x04, 0x00, 0x78, 0x86, 0x53, 0x60, 0xF9, 0x00, 0x08, 0x94, 0xF9, 0x00, 0x0C, 0xAC, 0xFF
  .byte 0x1B, 0x47, 0x33, 0xA6, 0x03, 0x00, 0x78, 0x56, 0x5A, 0xF9, 0x00, 0x08, 0x64, 0xF9, 0x00, 0x0E, 0x10, 0xF9, 0x00, 0x11, 0x0B, 0xFF
  .byte 0x73, 0x86, 0x32, 0x0F, 0x03, 0x00, 0x78, 0x85, 0x87, 0xF9, 0x00, 0x03, 0xAE, 0xF9, 0x00, 0x01, 0x2C, 0xF9, 0x00, 0x0C, 0x15, 0xFF
  .byte 0x9B, 0xFC, 0x74, 0xC8, 0x03, 0x00, 0x78, 0x9A, 0x7E, 0xF9, 0x00, 0x07, 0x03, 0xF9, 0x00, 0x10, 0x35, 0xFF
; bucket 0x79 (6 entries)
  .byte 0x59, 0x20, 0x93, 0xF6, 0x05, 0x00, 0x79, 0xAE, 0x8D, 0x85, 0x77, 0xF9, 0x00, 0x09, 0x6C, 0xF9, 0x00, 0x02, 0x9D, 0xF9, 0x00, 0x07, 0x35, 0xFF
  .byte 0x62, 0x13, 0x22, 0x7A, 0x05, 0x00, 0x79, 0x7E, 0x9B, 0xA0, 0x9B, 0xF9, 0x00, 0x08, 0x4B, 0xF9, 0x00, 0x0C, 0xED, 0xF9, 0x00, 0x05, 0x02, 0xF9, 0x00, 0x0D, 0x17, 0xFF
  .byte 0x3D, 0xA4, 0xD4, 0x36, 0x05, 0x00, 0x79, 0x65, 0x64, 0xAE, 0x7E, 0xF9, 0x00, 0x0F, 0xCE, 0xF9, 0x00, 0x0B, 0xEB, 0xFF
  .byte 0xFF, 0x95, 0x6B, 0x74, 0x03, 0x00, 0x79, 0x88, 0x51, 0xF9, 0x00, 0x09, 0x1F, 0xF9, 0x00, 0x0A, 0xA1, 0xF9, 0x00, 0x0E, 0xB0, 0xFF
  .byte 0x14, 0x7E, 0x92, 0x5B, 0x03, 0x00, 0x79, 0x78, 0x78, 0xF9, 0x00, 0x08, 0xE7, 0xF9, 0x00, 0x08, 0x79, 0xF9, 0x00, 0x08, 0x6B, 0xFF
  .byte 0x55, 0xBA, 0x2C, 0x2B, 0x03, 0x00, 0x79, 0x97, 0xAE, 0xF9, 0x00, 0x05, 0x1B, 0xF9, 0x00, 0x01, 0x63, 0xF9, 0x00, 0x0B, 0xEB, 0xFF
; bucket 0x7A (11 entries)
  .byte 0xC3, 0xF9, 0xD1, 0xA5, 0x05, 0x00, 0x7A, 0x51, 0x5A, 0x52, 0x79, 0xF9, 0x00, 0x0B, 0x7D, 0xF9, 0x00, 0x04, 0xF5, 0xF9, 0x00, 0x0F, 0x0B, 0xF9, 0x00, 0x02, 0xA5, 0xF9, 0x00, 0x04, 0x9E, 0xFF
  .byte 0x2A, 0x0E, 0x46, 0xBA, 0x05, 0x00, 0x7A, 0x94, 0x80, 0x51, 0x7E, 0xF9, 0x00, 0x01, 0x11, 0xF9, 0x00, 0x0A, 0x6B, 0xF9, 0x00, 0x02, 0x68, 0xFF
  .byte 0x31, 0xB9, 0xA9, 0xC4, 0x05, 0x00, 0x7A, 0x8D, 0x7B, 0xA0, 0x58, 0xF9, 0x00, 0x08, 0x4C, 0xF9, 0x00, 0x05, 0x95, 0xF9, 0x00, 0x09, 0x1F, 0xF9, 0x00, 0x07, 0xD9, 0xFF
  .byte 0x1A, 0x8C, 0x2C, 0x25, 0x05, 0x00, 0x7A, 0x8D, 0x51, 0x52, 0x5D, 0xF9, 0x00, 0x08, 0x4C, 0xF9, 0x00, 0x05, 0x95, 0xF9, 0x00, 0x01, 0x0B, 0xF9, 0x00, 0x0C, 0x5C, 0xFF
  .byte 0xF1, 0xDA, 0x27, 0x1C, 0x05, 0x00, 0x7A, 0x8D, 0x5D, 0x61, 0x79, 0xF9, 0x00, 0x08, 0x4C, 0xF9, 0x00, 0x05, 0x95, 0xF9, 0x00, 0x0C, 0x5C, 0xF9, 0x00, 0x0A, 0xA1, 0xF9, 0x00, 0x08, 0xE4, 0xFF
  .byte 0x92, 0xB3, 0xD6, 0x5E, 0x05, 0x00, 0x7A, 0xA0, 0x58, 0x53, 0x8C, 0xF9, 0x00, 0x08, 0xA5, 0xF9, 0x00, 0x07, 0xE3, 0xF9, 0x00, 0x11, 0x30, 0xFF
  .byte 0x55, 0x61, 0xC5, 0x7E, 0x04, 0x00, 0x7A, 0x94, 0x80, 0x96, 0xF9, 0x00, 0x01, 0x24, 0xF9, 0x00, 0x0A, 0x6B, 0xF9, 0x00, 0x02, 0x68, 0xFF
  .byte 0xA0, 0xAE, 0x14, 0x71, 0x03, 0x00, 0x7A, 0x52, 0x8D, 0xF9, 0x00, 0x08, 0xB6, 0xF9, 0x00, 0x10, 0x9F, 0xFF
  .byte 0xE1, 0xAA, 0x13, 0xCC, 0x03, 0x00, 0x7A, 0x52, 0x56, 0xF9, 0x00, 0x08, 0x4E, 0xF9, 0x00, 0x0E, 0x10, 0xFF
  .byte 0xF0, 0x27, 0x9C, 0x50, 0x03, 0x00, 0x7A, 0x62, 0x8D, 0xF9, 0x00, 0x08, 0xA5, 0xF9, 0x00, 0x0C, 0x61, 0xFF
  .byte 0xBF, 0x91, 0x1C, 0xA3, 0x03, 0x00, 0x7A, 0x99, 0x79, 0xF9, 0x00, 0x03, 0x0F, 0xF9, 0x00, 0x05, 0xA1, 0xFF
; bucket 0x7B (3 entries)
  .byte 0xCC, 0x9B, 0x39, 0x73, 0x04, 0x00, 0x7B, 0x8F, 0x78, 0x51, 0xF9, 0x00, 0x03, 0x63, 0xF9, 0x00, 0x0A, 0xD7, 0xF9, 0x00, 0x13, 0x88, 0xFF
  .byte 0x6E, 0x3B, 0x18, 0xDE, 0x04, 0x00, 0x7B, 0x96, 0xAE, 0x64, 0xF9, 0x00, 0x09, 0x18, 0xF9, 0x00, 0x01, 0xC9, 0xF9, 0x00, 0x0C, 0xD9, 0xFF
  .byte 0x1A, 0x39, 0xC0, 0x34, 0x03, 0x00, 0x7B, 0x5A, 0x7E, 0xF9, 0x00, 0x08, 0xCC, 0xF9, 0x00, 0x0D, 0x78, 0xFF
; bucket 0x7C (4 entries)
  .byte 0x88, 0x2F, 0x94, 0x65, 0x05, 0x00, 0x7C, 0x7E, 0x78, 0x57, 0xAE, 0xF9, 0x00, 0x0D, 0x5B, 0xF9, 0x00, 0x08, 0x79, 0xFF
  .byte 0x34, 0x90, 0x87, 0x35, 0x05, 0x00, 0x7C, 0x56, 0x5C, 0x84, 0x73, 0xF9, 0x00, 0x08, 0x79, 0xF9, 0x00, 0x10, 0xE2, 0xF9, 0x00, 0x05, 0x91, 0xFF
  .byte 0xF0, 0xAF, 0x4A, 0xF3, 0x04, 0x00, 0x7C, 0x66, 0x69, 0x5A, 0xF9, 0x00, 0x0E, 0x2C, 0xF9, 0x00, 0x07, 0x92, 0xF9, 0x00, 0x1D, 0xF1, 0xFF
  .byte 0x4B, 0x40, 0xE6, 0x5D, 0x04, 0x00, 0x7C, 0x60, 0xA0, 0x5A, 0xF9, 0x00, 0x18, 0x70, 0xF9, 0x00, 0x11, 0x0B, 0xF9, 0x00, 0x09, 0x76, 0xFF
; bucket 0x80 (1 entries)
  .byte 0x69, 0x6F, 0xA8, 0x91, 0x15, 0x00, 0x80, 0xFE, 0x40, 0xFC, 0x00, 0xFB, 0x00, 0xFD, 0x80, 0x03, 0x00, 0xFD, 0x00, 0xFC, 0x40, 0xFC, 0x00, 0x02, 0x80, 0xFE, 0x80, 0xF9, 0x00, 0x0F, 0x11, 0xFE, 0xF9, 0x00, 0x11, 0x2C, 0xFC, 0x00, 0xFB, 0x00, 0xFD, 0x80, 0xF9, 0x00, 0x0F, 0x9C, 0x00, 0xFD, 0x00, 0xFC, 0x40, 0xFC, 0x00, 0x02, 0xF9, 0x00, 0x0F, 0x11, 0xFB, 0xF9, 0x00, 0x0F, 0x11, 0xFF
; bucket 0x87 (4 entries)
  .byte 0x2C, 0x48, 0xAF, 0x2B, 0x04, 0x00, 0x87, 0xAE, 0x94, 0x80, 0xF9, 0x00, 0x07, 0xB6, 0xF9, 0x00, 0x03, 0x20, 0xF9, 0x00, 0x04, 0x7F, 0xFF
  .byte 0x21, 0x85, 0x98, 0xF8, 0x04, 0x00, 0x87, 0x77, 0x87, 0x77, 0xF9, 0x00, 0x04, 0x2C, 0xF9, 0x00, 0x08, 0x27, 0xF9, 0x00, 0x04, 0x2C, 0xF9, 0x00, 0x08, 0x27, 0xFF
  .byte 0x6A, 0x6B, 0x69, 0xED, 0x04, 0x00, 0x87, 0x79, 0xAE, 0x77, 0xF9, 0x00, 0x02, 0xDC, 0xF9, 0x00, 0x0C, 0x23, 0xFF
  .byte 0xB5, 0xDC, 0x40, 0xA7, 0x03, 0x00, 0x87, 0x58, 0x8D, 0xF9, 0x00, 0x0E, 0x90, 0xF9, 0x00, 0x0C, 0x61, 0xFF
; bucket 0x88 (3 entries)
  .byte 0xAD, 0x7B, 0x4A, 0x00, 0x05, 0x00, 0x88, 0x84, 0x7B, 0xA0, 0x9D, 0xF9, 0x00, 0x08, 0xA5, 0xF9, 0x00, 0x0E, 0xCF, 0xF9, 0x00, 0x09, 0x27, 0xFF
  .byte 0xC0, 0x2D, 0x4E, 0x97, 0x05, 0x00, 0x88, 0x84, 0x77, 0x95, 0x5D, 0xF9, 0x00, 0x01, 0x66, 0xF9, 0x00, 0x08, 0x65, 0xF9, 0x00, 0x08, 0xCD, 0xFF
  .byte 0x8E, 0xF7, 0xB7, 0x58, 0x05, 0x00, 0x88, 0x60, 0x78, 0x5D, 0x64, 0xF9, 0x00, 0x05, 0x95, 0xF9, 0x00, 0x0C, 0x9E, 0xF9, 0x00, 0x0C, 0x1B, 0xFF
; bucket 0x89 (4 entries)
  .byte 0x34, 0x8F, 0xD3, 0xF1, 0x05, 0x00, 0x89, 0x77, 0x52, 0x87, 0xAE, 0xF9, 0x00, 0x0C, 0xED, 0xF9, 0x00, 0x0E, 0x36, 0xFF
  .byte 0xAA, 0x31, 0x43, 0xD8, 0x05, 0x00, 0x89, 0x77, 0x7E, 0x98, 0x79, 0xF9, 0x00, 0x01, 0xD7, 0xF9, 0x00, 0x08, 0xE4, 0xF9, 0x00, 0x05, 0x57, 0xFF
  .byte 0xCA, 0x8B, 0xB3, 0x3C, 0x05, 0x00, 0x89, 0x77, 0xAE, 0x95, 0x7E, 0xF9, 0x00, 0x04, 0x94, 0xF9, 0x00, 0x08, 0x22, 0xF9, 0x00, 0x03, 0x85, 0xFF
  .byte 0x06, 0x01, 0xD7, 0x46, 0x04, 0x00, 0x89, 0x77, 0x54, 0x65, 0xF9, 0x00, 0x02, 0xD3, 0xF9, 0x00, 0x08, 0x3C, 0xF9, 0x00, 0x0B, 0x2E, 0xFF
; bucket 0x8A (3 entries)
  .byte 0x1F, 0x31, 0x40, 0x25, 0x05, 0x00, 0x8A, 0x7E, 0x14, 0x6A, 0x62, 0xF9, 0x00, 0x0F, 0xB6, 0xF9, 0x00, 0x04, 0xF3, 0xF9, 0x00, 0x02, 0x77, 0xFF
  .byte 0x7C, 0xD7, 0x34, 0x30, 0x04, 0x00, 0x8A, 0x7E, 0x87, 0xAE, 0xF9, 0x00, 0x04, 0x6A, 0xF9, 0x00, 0x04, 0xB5, 0xFF
  .byte 0xFC, 0x58, 0xCB, 0x2A, 0x03, 0x00, 0x8A, 0x7E, 0x8D, 0xF9, 0x00, 0x0F, 0xC0, 0xF9, 0x00, 0x10, 0x9F, 0xFF
; bucket 0x8B (12 entries)
  .byte 0xC9, 0x6C, 0xE0, 0x95, 0x05, 0x00, 0x8B, 0x79, 0x96, 0xA0, 0x64, 0xF9, 0x00, 0x02, 0xD3, 0xF9, 0x00, 0x11, 0x24, 0xF9, 0x00, 0x1C, 0x67, 0xFF
  .byte 0xE0, 0x33, 0x91, 0xA9, 0x05, 0x00, 0x8B, 0x79, 0x91, 0xA0, 0x58, 0xF9, 0x00, 0x04, 0x51, 0xF9, 0x00, 0x02, 0xCF, 0xF9, 0x00, 0x0E, 0xA5, 0xFF
  .byte 0xCD, 0x10, 0x96, 0x10, 0x05, 0x00, 0x8B, 0xAE, 0x78, 0x57, 0xAE, 0xF9, 0x00, 0x04, 0xE6, 0xF9, 0x00, 0x08, 0x79, 0xFF
  .byte 0xC5, 0xB4, 0xD1, 0xE9, 0x05, 0x00, 0x8B, 0x7B, 0xAE, 0x66, 0x84, 0xF9, 0x00, 0x08, 0xD2, 0xF9, 0x00, 0x08, 0xD2, 0xF9, 0x00, 0x0E, 0xBB, 0xFF
  .byte 0x72, 0x7E, 0xFA, 0x44, 0x05, 0x00, 0x8B, 0x66, 0x86, 0x66, 0x86, 0xF9, 0x00, 0x04, 0x86, 0xF9, 0x00, 0x16, 0x86, 0xF9, 0x00, 0x16, 0x86, 0xFF
  .byte 0x2B, 0xBB, 0x08, 0x2F, 0x04, 0x00, 0x8B, 0x7B, 0xAE, 0x7E, 0xF9, 0x00, 0x08, 0xD2, 0xF9, 0x00, 0x08, 0xD2, 0xF9, 0x00, 0x0B, 0xEB, 0xFF
  .byte 0xC5, 0x36, 0x87, 0x58, 0x04, 0x00, 0x8B, 0xAE, 0x5D, 0x64, 0xF9, 0x00, 0x0F, 0x72, 0xF9, 0x00, 0x08, 0xBC, 0xFF
  .byte 0xEA, 0x62, 0x47, 0x3F, 0x04, 0x00, 0x8B, 0x6F, 0x90, 0x53, 0xF9, 0x00, 0x0E, 0x2C, 0xF9, 0x00, 0x0E, 0x2C, 0xF9, 0x00, 0x0E, 0x20, 0xFF
  .byte 0xFC, 0xC3, 0x29, 0xFE, 0x04, 0x00, 0x8B, 0x58, 0x78, 0x7E, 0xF9, 0x00, 0x0B, 0x5C, 0xF9, 0x00, 0x0B, 0xEF, 0xF9, 0x00, 0x0C, 0x23, 0xFF
  .byte 0x23, 0x7D, 0x76, 0xAD, 0x03, 0x00, 0x8B, 0xAE, 0x5D, 0xF9, 0x00, 0x04, 0xB5, 0xF9, 0x00, 0x0C, 0x5C, 0xFF
  .byte 0xD0, 0x24, 0x36, 0xA4, 0x03, 0x00, 0x8B, 0x7B, 0x53, 0xF9, 0x00, 0x0D, 0xAB, 0xF9, 0x00, 0x08, 0x3E, 0xFF
  .byte 0xDB, 0x63, 0x4F, 0x35, 0x02, 0x00, 0x8B, 0x53, 0xF9, 0x00, 0x04, 0xE6, 0xFF
; bucket 0x8C (2 entries)
  .byte 0x2B, 0x24, 0xBD, 0xB2, 0x05, 0x00, 0x8C, 0x7E, 0x89, 0xAE, 0x5D, 0xF9, 0x00, 0x09, 0x40, 0xF9, 0x00, 0x1E, 0x57, 0xF9, 0x00, 0x10, 0x29, 0xFF
  .byte 0x38, 0xF4, 0x10, 0x88, 0x03, 0x00, 0x8C, 0x7B, 0x58, 0xF9, 0x00, 0x10, 0x0F, 0xF9, 0x00, 0x09, 0x1F, 0xF9, 0x00, 0x07, 0xD9, 0xFF
; bucket 0x8D (13 entries)
  .byte 0xAA, 0xA2, 0xC3, 0x94, 0x07, 0x00, 0x8D, 0x82, 0x7E, 0x64, 0x79, 0x6F, 0x7E, 0xF9, 0x00, 0x0B, 0xCE, 0xF9, 0x00, 0x0C, 0x04, 0xFF
  .byte 0x36, 0x8F, 0xD3, 0x9F, 0x06, 0x00, 0x8D, 0x71, 0x78, 0xAE, 0x91, 0xAE, 0xF9, 0x00, 0x03, 0x07, 0xF9, 0x00, 0x04, 0xA5, 0xF9, 0x00, 0x04, 0xA5, 0xF9, 0x00, 0x10, 0xC8, 0xFF
  .byte 0xE5, 0xD9, 0x08, 0xE3, 0x05, 0x00, 0x8D, 0x85, 0x9D, 0x64, 0x79, 0xF9, 0x00, 0x0B, 0x8B, 0xF9, 0x00, 0x08, 0xA9, 0xF9, 0x00, 0x1C, 0x58, 0xF9, 0x00, 0x1C, 0x5D, 0xFF
  .byte 0xA7, 0x95, 0x76, 0x43, 0x05, 0x00, 0x8D, 0x85, 0x56, 0x52, 0x7E, 0xF9, 0x00, 0x1C, 0x58, 0xF9, 0x00, 0x1C, 0x5D, 0xF9, 0x00, 0x0D, 0x5D, 0xFF
  .byte 0x69, 0xE3, 0x9C, 0x1F, 0x05, 0x00, 0x8D, 0x89, 0x8C, 0x89, 0x6F, 0xF9, 0x00, 0x0B, 0xBD, 0xF9, 0x00, 0x0D, 0x8C, 0xF9, 0x00, 0x0E, 0x67, 0xFF
  .byte 0x73, 0x34, 0x2C, 0x53, 0x05, 0x00, 0x8D, 0x85, 0x9E, 0xA0, 0x60, 0xF9, 0x00, 0x11, 0x1F, 0xF9, 0x00, 0x10, 0xB5, 0xF9, 0x00, 0x0D, 0x46, 0xF9, 0x00, 0x0D, 0x46, 0xFF
  .byte 0xBA, 0x6A, 0x11, 0xC2, 0x05, 0x00, 0x8D, 0xAE, 0x77, 0x7E, 0x5D, 0xF9, 0x00, 0x04, 0x8D, 0xF9, 0x00, 0x07, 0xE3, 0xF9, 0x00, 0x05, 0x97, 0xF9, 0x00, 0x0F, 0x91, 0xFF
  .byte 0xFE, 0xE3, 0x49, 0x01, 0x05, 0x00, 0x8D, 0x85, 0x7E, 0x52, 0x61, 0xF9, 0x00, 0x02, 0x9F, 0xF9, 0x00, 0x0F, 0x0B, 0xFF
  .byte 0x0E, 0x39, 0xA6, 0x06, 0x04, 0x00, 0x8D, 0x85, 0x8B, 0x7E, 0xF9, 0x00, 0x01, 0x36, 0xF9, 0x00, 0x04, 0xC9, 0xF9, 0x00, 0x0B, 0xE4, 0xFF
  .byte 0xD8, 0x59, 0x63, 0xF4, 0x04, 0x00, 0x8D, 0x77, 0xAE, 0x61, 0xF9, 0x00, 0x05, 0x86, 0xF9, 0x00, 0x08, 0x22, 0xF9, 0x00, 0x0A, 0xA8, 0xFF
  .byte 0x23, 0x31, 0x9B, 0xE4, 0x04, 0x00, 0x8D, 0x86, 0xAE, 0x8D, 0xF9, 0x00, 0x0A, 0xE0, 0xF9, 0x00, 0x10, 0x9F, 0xFF
  .byte 0x7E, 0x61, 0x88, 0xE6, 0x03, 0x00, 0x8D, 0x7B, 0x53, 0xF9, 0x00, 0x02, 0xAE, 0xF9, 0x00, 0x08, 0x3E, 0xFF
  .byte 0xDB, 0x89, 0x54, 0x05, 0x03, 0x00, 0x8D, 0x85, 0x7E, 0xF9, 0x00, 0x02, 0x9F, 0xFF
; bucket 0x8E (1 entries)
  .byte 0x41, 0xD0, 0xE8, 0xEF, 0x04, 0x00, 0x8E, 0x96, 0xA0, 0x64, 0xF9, 0x00, 0x02, 0x2E, 0xF9, 0x00, 0x0F, 0x44, 0xF9, 0x00, 0x1C, 0x67, 0xFF
; bucket 0x8F (1 entries)
  .byte 0xFD, 0x13, 0x3C, 0x91, 0x04, 0x00, 0x8F, 0x66, 0x87, 0x72, 0xF9, 0x00, 0x07, 0x2E, 0xF9, 0x00, 0x09, 0xD7, 0xF9, 0x00, 0x04, 0xB2, 0xFF
; bucket 0x91 (8 entries)
  .byte 0xFA, 0x4A, 0xA3, 0x97, 0x05, 0x00, 0x91, 0x89, 0x64, 0x78, 0x55, 0xF9, 0x00, 0x0B, 0x7D, 0xF9, 0x00, 0x03, 0x1F, 0xF9, 0x00, 0x0C, 0x38, 0xFF
  .byte 0xFE, 0x17, 0x72, 0x47, 0x05, 0x00, 0x91, 0xAE, 0x63, 0x7E, 0x89, 0xF9, 0x00, 0x07, 0x18, 0xF9, 0x00, 0x05, 0x38, 0xF9, 0x00, 0x0C, 0xED, 0xF9, 0x00, 0x04, 0x7F, 0xFF
  .byte 0x8B, 0xA8, 0x51, 0xB5, 0x04, 0x00, 0x91, 0x7E, 0x96, 0x79, 0xF9, 0x00, 0x0D, 0x04, 0xF9, 0x00, 0x0E, 0xAF, 0xF9, 0x00, 0x08, 0xB8, 0xFF
  .byte 0xE4, 0x81, 0xDB, 0x56, 0x04, 0x00, 0x91, 0x52, 0x5D, 0x59, 0xF9, 0x00, 0x02, 0xD3, 0xF9, 0x00, 0x04, 0x12, 0xFF
  .byte 0x73, 0x77, 0x58, 0x6A, 0x03, 0x00, 0x91, 0x52, 0x8B, 0xF9, 0x00, 0x02, 0xD3, 0xF9, 0x00, 0x0D, 0xB8, 0xFF
  .byte 0xC7, 0x3E, 0x58, 0x46, 0x03, 0x00, 0x91, 0x52, 0x57, 0xF9, 0x00, 0x02, 0xD3, 0xF9, 0x00, 0x05, 0x61, 0xFF
  .byte 0x11, 0xF0, 0x57, 0x14, 0x03, 0x00, 0x91, 0x52, 0x61, 0xF9, 0x00, 0x02, 0xD3, 0xF9, 0x00, 0x03, 0x1F, 0xFF
  .byte 0x36, 0xBA, 0xB0, 0x27, 0x03, 0x00, 0x91, 0xAE, 0x64, 0xF9, 0x00, 0x02, 0xCF, 0xF9, 0x00, 0x0C, 0xD9, 0xFF
; bucket 0x94 (5 entries)
  .byte 0xB1, 0x16, 0x55, 0x42, 0x05, 0x00, 0x94, 0x7E, 0x78, 0x85, 0x53, 0xF9, 0x00, 0x03, 0x2E, 0xF9, 0x00, 0x08, 0xCD, 0xFF
  .byte 0x1C, 0x31, 0xCB, 0xB6, 0x05, 0x00, 0x94, 0x78, 0x96, 0xAE, 0x95, 0xF9, 0x00, 0x0E, 0x50, 0xF9, 0x00, 0x0B, 0xF5, 0xF9, 0x00, 0x09, 0xE7, 0xFF
  .byte 0xFC, 0x35, 0x7A, 0xE0, 0x05, 0x00, 0x94, 0x55, 0x57, 0x5C, 0x5D, 0xF9, 0x00, 0x02, 0xDA, 0xF9, 0x00, 0x0A, 0x14, 0xF9, 0x00, 0x0A, 0xA1, 0xF9, 0x00, 0x0D, 0xC7, 0xF9, 0x00, 0x0C, 0x5C, 0xFF
  .byte 0x93, 0x58, 0xDB, 0x9D, 0x04, 0x00, 0x94, 0x80, 0x89, 0x91, 0xF9, 0x00, 0x03, 0x1F, 0xF9, 0x00, 0x0C, 0x38, 0xFF
  .byte 0x86, 0x6D, 0xA4, 0x9C, 0x04, 0x00, 0x94, 0x79, 0x97, 0x79, 0xF9, 0x00, 0x02, 0xD7, 0xF9, 0x00, 0x08, 0xE4, 0xF9, 0x00, 0x01, 0x85, 0xFF
; bucket 0x95 (11 entries)
  .byte 0x92, 0x33, 0xDB, 0x13, 0x07, 0x00, 0x95, 0x77, 0x8B, 0x7E, 0x12, 0x06, 0x02, 0xF9, 0x00, 0x08, 0xCD, 0xF9, 0x00, 0x10, 0x7F, 0xF9, 0x00, 0x0B, 0xF5, 0xF9, 0x00, 0x10, 0x52, 0xFF
  .byte 0xAD, 0x96, 0x29, 0x4F, 0x05, 0x00, 0x95, 0x58, 0x58, 0x77, 0x8A, 0xF9, 0x00, 0x03, 0x63, 0xF9, 0x00, 0x02, 0xAC, 0xF9, 0x00, 0x0C, 0x51, 0xF9, 0x00, 0x09, 0xAE, 0xFF
  .byte 0x7E, 0xC9, 0x31, 0x42, 0x05, 0x00, 0x95, 0xAE, 0x95, 0x78, 0x55, 0xF9, 0x00, 0x14, 0x59, 0xF9, 0x00, 0x14, 0x59, 0xF9, 0x00, 0x08, 0x70, 0xFF
  .byte 0xCB, 0x52, 0x77, 0x86, 0x05, 0x00, 0x95, 0x7E, 0x6C, 0x7F, 0x7E, 0xF9, 0x00, 0x03, 0x7E, 0xF9, 0x00, 0x05, 0xC2, 0xFF
  .byte 0xBE, 0x7D, 0xF8, 0x44, 0x05, 0x00, 0x95, 0x58, 0x59, 0x52, 0x79, 0xF9, 0x00, 0x03, 0x63, 0xF9, 0x00, 0x03, 0xDE, 0xF9, 0x00, 0x03, 0x8F, 0xFF
  .byte 0x38, 0xED, 0x87, 0xF7, 0x05, 0x00, 0x95, 0x8D, 0x86, 0xA0, 0x61, 0xF9, 0x00, 0x09, 0xD6, 0xF9, 0x00, 0x09, 0xD6, 0xF9, 0x00, 0x1D, 0xF2, 0xFF
  .byte 0xE9, 0x5E, 0x71, 0x7A, 0x04, 0x00, 0x95, 0xAE, 0x95, 0xAE, 0xF9, 0x00, 0x14, 0x59, 0xF9, 0x00, 0x14, 0x59, 0xFF
  .byte 0x34, 0x53, 0xEE, 0xEC, 0x04, 0x00, 0x95, 0x87, 0xAE, 0x5D, 0xF9, 0x00, 0x0D, 0x47, 0xF9, 0x00, 0x0C, 0x5C, 0xF9, 0x00, 0x02, 0xED, 0xFF
  .byte 0x2D, 0x28, 0x52, 0x2F, 0x04, 0x00, 0x95, 0xAE, 0x98, 0x79, 0xF9, 0x00, 0x0D, 0x24, 0xF9, 0x00, 0x0D, 0x24, 0xF9, 0x00, 0x0B, 0x2E, 0xFF
  .byte 0xC3, 0x8F, 0x1C, 0x91, 0x04, 0x00, 0x95, 0x7E, 0x72, 0x79, 0xF9, 0x00, 0x02, 0xD4, 0xF9, 0x00, 0x05, 0x7D, 0xF9, 0x00, 0x0D, 0x3D, 0xFF
  .byte 0x84, 0xDD, 0x83, 0x89, 0x04, 0x00, 0x95, 0x8B, 0xAE, 0x71, 0xF9, 0x00, 0x05, 0x1F, 0xF9, 0x00, 0x01, 0x69, 0xF9, 0x00, 0x02, 0xED, 0xFF
; bucket 0x96 (13 entries)
  .byte 0x86, 0xB5, 0x34, 0xC6, 0x06, 0x00, 0x96, 0x64, 0x79, 0x87, 0xAE, 0x79, 0xF9, 0x00, 0x03, 0x79, 0xF9, 0x00, 0x10, 0x30, 0xF9, 0x00, 0x0A, 0x0B, 0xF9, 0x00, 0x04, 0xC8, 0xFF
  .byte 0x4B, 0x81, 0x25, 0x82, 0x05, 0x00, 0x96, 0x60, 0x6C, 0x78, 0xAE, 0xF9, 0x00, 0x01, 0x2C, 0xF9, 0x00, 0x02, 0xD3, 0xF9, 0x00, 0x03, 0x42, 0xFF
  .byte 0x5C, 0x3B, 0xA2, 0xDB, 0x05, 0x00, 0x96, 0x78, 0x74, 0xAE, 0x95, 0xF9, 0x00, 0x09, 0x9D, 0xF9, 0x00, 0x0A, 0xD6, 0xF9, 0x00, 0x0B, 0x4B, 0xF9, 0x00, 0x0A, 0x19, 0xFF
  .byte 0x95, 0xF7, 0x4A, 0xB5, 0x05, 0x00, 0x96, 0x58, 0x6C, 0xAE, 0x7E, 0xF9, 0x00, 0x05, 0x7D, 0xF9, 0x00, 0x01, 0x66, 0xF9, 0x00, 0x0C, 0x23, 0xFF
  .byte 0xB7, 0xD0, 0xDC, 0x40, 0x05, 0x00, 0x96, 0x7E, 0x88, 0x77, 0x5D, 0xF9, 0x00, 0x01, 0x3F, 0xF9, 0x00, 0x05, 0x86, 0xF9, 0x00, 0x08, 0x22, 0xF9, 0x00, 0x0C, 0x5C, 0xFF
  .byte 0x1A, 0x3A, 0x57, 0x3D, 0x05, 0x00, 0x96, 0x5C, 0x84, 0xAE, 0x73, 0xF9, 0x00, 0x05, 0x7D, 0xF9, 0x00, 0x0E, 0xCF, 0xF9, 0x00, 0x05, 0x91, 0xFF
  .byte 0x87, 0x41, 0xA6, 0xBF, 0x05, 0x00, 0x96, 0x58, 0x55, 0x7E, 0x89, 0xF9, 0x00, 0x01, 0x69, 0xF9, 0x00, 0x0F, 0x44, 0xF9, 0x00, 0x04, 0x9E, 0xFF
  .byte 0x6F, 0xFF, 0x0F, 0x16, 0x05, 0x00, 0x96, 0x79, 0x97, 0xAE, 0x64, 0xF9, 0x00, 0x03, 0x2E, 0xF9, 0x00, 0x0F, 0x57, 0xF9, 0x00, 0x02, 0x68, 0xFF
  .byte 0x91, 0xE8, 0x52, 0xBC, 0x04, 0x00, 0x96, 0x79, 0x57, 0xAE, 0xF9, 0x00, 0x0D, 0xA4, 0xF9, 0x00, 0x0D, 0x7D, 0xF9, 0x00, 0x0E, 0x2C, 0xF9, 0x00, 0x11, 0x0B, 0xFF
  .byte 0xD2, 0x17, 0xCA, 0x74, 0x04, 0x00, 0x96, 0x58, 0xAE, 0x91, 0xF9, 0x00, 0x0A, 0x44, 0xF9, 0x00, 0x05, 0x7D, 0xF9, 0x00, 0x0D, 0x3D, 0xFF
  .byte 0xAD, 0xB8, 0x32, 0xFA, 0x04, 0x00, 0x96, 0x68, 0x98, 0xAE, 0xF9, 0x00, 0x0D, 0x02, 0xF9, 0x00, 0x0D, 0x02, 0xF9, 0x00, 0x10, 0xBE, 0xFF
  .byte 0x06, 0x5A, 0x69, 0xFD, 0x03, 0x00, 0x96, 0xA0, 0x89, 0xF9, 0x00, 0x01, 0x70, 0xF9, 0x00, 0x01, 0x5B, 0xFF
  .byte 0x4A, 0x7B, 0x4E, 0xB7, 0x03, 0x00, 0x96, 0x64, 0x79, 0xF9, 0x00, 0x03, 0x79, 0xF9, 0x00, 0x10, 0x30, 0xFF
; bucket 0x97 (4 entries)
  .byte 0xA8, 0x11, 0xA9, 0x4A, 0x09, 0x00, 0x97, 0x57, 0x66, 0x19, 0x05, 0x18, 0x04, 0x0B, 0x2E, 0xF9, 0x00, 0x01, 0x85, 0xF9, 0x00, 0x05, 0x86, 0xF9, 0x00, 0x09, 0xD7, 0xF9, 0x00, 0x07, 0x35, 0xF9, 0x00, 0x07, 0x35, 0xFF
  .byte 0x5E, 0xEC, 0x45, 0xE4, 0x05, 0x00, 0x97, 0x78, 0x78, 0x91, 0x6F, 0xF9, 0x00, 0x0A, 0x56, 0xF9, 0x00, 0x1D, 0xA0, 0xF9, 0x00, 0x03, 0x2E, 0xF9, 0x00, 0x0B, 0x14, 0xFF
  .byte 0x67, 0x77, 0xDC, 0xCA, 0x05, 0x00, 0x97, 0x98, 0x77, 0xAE, 0x96, 0xF9, 0x00, 0x02, 0x2E, 0xF9, 0x00, 0x0F, 0x44, 0xF9, 0x00, 0x01, 0xC3, 0xF9, 0x00, 0x0F, 0x85, 0xF9, 0x00, 0x02, 0x68, 0xFF
  .byte 0x5A, 0xA7, 0xAA, 0xA9, 0x04, 0x00, 0x97, 0xAE, 0x95, 0x79, 0xF9, 0x00, 0x03, 0x65, 0xF9, 0x00, 0x07, 0x19, 0xF9, 0x00, 0x02, 0x68, 0xFF
; bucket 0x98 (7 entries)
  .byte 0x38, 0x95, 0x37, 0xEC, 0x05, 0x00, 0x98, 0xAE, 0x5D, 0x60, 0xAE, 0xF9, 0x00, 0x05, 0x7D, 0xF9, 0x00, 0x0F, 0x11, 0xF9, 0x00, 0x01, 0xD7, 0xFF
  .byte 0x51, 0xD0, 0x1C, 0x46, 0x05, 0x00, 0x98, 0x77, 0xA0, 0x57, 0xAE, 0xF9, 0x00, 0x0F, 0xCE, 0xF9, 0x00, 0x08, 0x94, 0xF9, 0x00, 0x0F, 0x11, 0xF9, 0x00, 0x01, 0xD7, 0xFF
  .byte 0x52, 0xAE, 0x48, 0xAB, 0x05, 0x00, 0x98, 0xAE, 0x9C, 0xA0, 0x89, 0xF9, 0x00, 0x14, 0x77, 0xF9, 0x00, 0x14, 0x77, 0xF9, 0x00, 0x10, 0xBE, 0xFF
  .byte 0xCB, 0xC7, 0x57, 0x1D, 0x04, 0x00, 0x98, 0xAE, 0x96, 0xAE, 0xF9, 0x00, 0x0E, 0xA5, 0xF9, 0x00, 0x11, 0x24, 0xF9, 0x00, 0x05, 0x7D, 0xF9, 0x00, 0x0C, 0x23, 0xFF
  .byte 0xFC, 0xC6, 0x43, 0x40, 0x03, 0x00, 0x98, 0x79, 0xAE, 0xF9, 0x00, 0x01, 0xD7, 0xF9, 0x00, 0x08, 0xE4, 0xFF
  .byte 0xF0, 0xD9, 0x4A, 0x94, 0x03, 0x00, 0x98, 0x97, 0x80, 0xF9, 0x00, 0x0E, 0xA5, 0xF9, 0x00, 0x11, 0x24, 0xF9, 0x00, 0x01, 0x63, 0xF9, 0x00, 0x01, 0x63, 0xFF
  .byte 0xD9, 0x0C, 0x45, 0xA2, 0x03, 0x00, 0x98, 0x78, 0xAE, 0xF9, 0x00, 0x01, 0xD7, 0xF9, 0x00, 0x08, 0x67, 0xFF
; bucket 0x99 (5 entries)
  .byte 0x2D, 0x0D, 0x95, 0xFA, 0x05, 0x00, 0x99, 0x64, 0x99, 0x60, 0xAE, 0xF9, 0x00, 0x02, 0x76, 0xF9, 0x00, 0x09, 0xD6, 0xFF
  .byte 0x99, 0x1C, 0x9F, 0xAA, 0x05, 0x00, 0x99, 0x64, 0x99, 0x64, 0x7E, 0xF9, 0x00, 0x02, 0x76, 0xF9, 0x00, 0x02, 0x76, 0xF9, 0x00, 0x09, 0xD6, 0xFF
  .byte 0x1C, 0x5E, 0x52, 0x51, 0x05, 0x00, 0x99, 0x7B, 0x78, 0x7E, 0x87, 0xF9, 0x00, 0x02, 0xD3, 0xF9, 0x00, 0x0B, 0xBE, 0xF9, 0x00, 0x0D, 0x1F, 0xFF
  .byte 0x54, 0xCE, 0x0B, 0x75, 0x05, 0x00, 0x99, 0x52, 0x78, 0xAE, 0x6C, 0xF9, 0x00, 0x0F, 0xCE, 0xF9, 0x00, 0x04, 0xB8, 0xF9, 0x00, 0x0F, 0x06, 0xFF
  .byte 0xD4, 0xA9, 0xAD, 0x25, 0x03, 0x00, 0x99, 0x78, 0x98, 0xF9, 0x00, 0x09, 0x91, 0xF9, 0x00, 0x0F, 0x10, 0xF9, 0x00, 0x0C, 0x15, 0xFF
; bucket 0x9A (5 entries)
  .byte 0xB1, 0x10, 0xAE, 0xB0, 0x05, 0x00, 0x9A, 0x5D, 0x8B, 0x95, 0x77, 0xF9, 0x00, 0x01, 0xC3, 0xF9, 0x00, 0x0C, 0x04, 0xF9, 0x00, 0x07, 0xD7, 0xF9, 0x00, 0x03, 0x85, 0xF9, 0x00, 0x08, 0x22, 0xFF
  .byte 0xFF, 0x7D, 0xD7, 0x1F, 0x05, 0x00, 0x9A, 0xAE, 0x6F, 0x7E, 0x91, 0xF9, 0x00, 0x01, 0x66, 0xF9, 0x00, 0x03, 0xCC, 0xF9, 0x00, 0x08, 0xCD, 0xFF
  .byte 0x82, 0xA3, 0x82, 0x67, 0x04, 0x00, 0x9A, 0xAE, 0x91, 0xAE, 0xF9, 0x00, 0x01, 0x9C, 0xF9, 0x00, 0x07, 0x63, 0xFF
  .byte 0xC0, 0x78, 0xA7, 0x79, 0x03, 0x00, 0x9A, 0x97, 0xAE, 0xF9, 0x00, 0x01, 0x68, 0xF9, 0x00, 0x01, 0x85, 0xFF
  .byte 0x20, 0x48, 0xBF, 0xC4, 0x03, 0x00, 0x9A, 0xAE, 0x79, 0xF9, 0x00, 0x0B, 0x14, 0xFF
; bucket 0x9B (8 entries)
  .byte 0x93, 0xC6, 0x46, 0x08, 0x09, 0x00, 0x9B, 0x77, 0x5F, 0x79, 0x05, 0x18, 0x04, 0x0B, 0x2E, 0xF9, 0x00, 0x0E, 0xDD, 0xF9, 0x00, 0x0B, 0x7F, 0xF9, 0x00, 0x07, 0x35, 0xF9, 0x00, 0x07, 0x35, 0xFF
  .byte 0xB7, 0x1B, 0x54, 0x2C, 0x05, 0x00, 0x9B, 0x77, 0x5E, 0x58, 0x64, 0xF9, 0x00, 0x0A, 0x26, 0xF9, 0x00, 0x08, 0x22, 0xF9, 0x00, 0x0C, 0x5C, 0xF9, 0x00, 0x0C, 0xD9, 0xFF
  .byte 0x3B, 0x31, 0x96, 0xD4, 0x05, 0x00, 0x9B, 0x79, 0x5C, 0x82, 0x7E, 0xF9, 0x00, 0x02, 0xAC, 0xF9, 0x00, 0x05, 0xC2, 0xF9, 0x00, 0x01, 0x71, 0xFF
  .byte 0x50, 0x95, 0xD2, 0x4E, 0x05, 0x00, 0x9B, 0xA0, 0x61, 0xAE, 0x79, 0xF9, 0x00, 0x05, 0x5B, 0xF9, 0x00, 0x05, 0x5B, 0xF9, 0x00, 0x01, 0x3E, 0xFF
  .byte 0x72, 0x02, 0xD5, 0xDC, 0x04, 0x00, 0x9B, 0x53, 0x7C, 0x53, 0xF9, 0x00, 0x0E, 0x2C, 0xF9, 0x00, 0x04, 0xC9, 0xF9, 0x00, 0x0B, 0xE4, 0xFF
  .byte 0x12, 0x10, 0x47, 0xDD, 0x04, 0x00, 0x9B, 0xAE, 0x79, 0x79, 0xF9, 0x00, 0x10, 0x57, 0xF9, 0x00, 0x10, 0xBA, 0xF9, 0x00, 0x01, 0x71, 0xFF
  .byte 0x9E, 0x3C, 0xD0, 0x7F, 0x03, 0x00, 0x9B, 0x77, 0x5D, 0xF9, 0x00, 0x0A, 0x26, 0xF9, 0x00, 0x08, 0x22, 0xF9, 0x00, 0x0C, 0x5C, 0xFF
  .byte 0xB3, 0x66, 0x76, 0x2D, 0x02, 0x00, 0x9B, 0x9B, 0xF9, 0x00, 0x01, 0x35, 0xF9, 0x00, 0x01, 0x35, 0xFF
; bucket 0x9C (9 entries)
  .byte 0x7B, 0x57, 0x21, 0x2C, 0x08, 0x00, 0x9C, 0x58, 0x66, 0xA0, 0x58, 0x87, 0xAE, 0x79, 0xF9, 0x00, 0x0F, 0x00, 0xF9, 0x00, 0x01, 0xE8, 0xF9, 0x00, 0x0A, 0x0B, 0xF9, 0x00, 0x04, 0xC8, 0xFF
  .byte 0x00, 0x2D, 0xD5, 0x96, 0x05, 0x00, 0x9C, 0x8D, 0x86, 0xA0, 0x64, 0xF9, 0x00, 0x02, 0xD3, 0xF9, 0x00, 0x01, 0x85, 0xF9, 0x00, 0x09, 0xE7, 0xFF
  .byte 0x42, 0xA9, 0x5C, 0x9A, 0x05, 0x00, 0x9C, 0x56, 0x61, 0x85, 0x53, 0xF9, 0x00, 0x0A, 0x5F, 0xF9, 0x00, 0x07, 0xB6, 0xF9, 0x00, 0x0B, 0x12, 0xFF
  .byte 0x16, 0xE4, 0x05, 0x25, 0x04, 0x00, 0x9C, 0x8D, 0x86, 0x7E, 0xF9, 0x00, 0x01, 0x85, 0xF9, 0x00, 0x01, 0x85, 0xF9, 0x00, 0x09, 0xE7, 0xFF
  .byte 0x43, 0xB4, 0x27, 0x26, 0x04, 0x00, 0x9C, 0x58, 0x5C, 0xAE, 0xF9, 0x00, 0x0A, 0x5F, 0xF9, 0x00, 0x07, 0xD7, 0xF9, 0x00, 0x0D, 0xBD, 0xFF
  .byte 0xED, 0x26, 0xBD, 0x0D, 0x04, 0x00, 0x9C, 0x61, 0x85, 0xAE, 0xF9, 0x00, 0x0A, 0x5F, 0xF9, 0x00, 0x0B, 0x12, 0xFF
  .byte 0x47, 0xCB, 0xEA, 0x1E, 0x03, 0x00, 0x9C, 0xA0, 0x9C, 0xF9, 0x00, 0x0A, 0x5F, 0xF9, 0x00, 0x0A, 0x5F, 0xFF
  .byte 0xE5, 0x2B, 0x14, 0x66, 0x03, 0x00, 0x9C, 0x7E, 0x58, 0xF9, 0x00, 0x03, 0xDE, 0xFF
  .byte 0x01, 0xBD, 0x6B, 0x88, 0x02, 0x00, 0x9C, 0x80, 0xF9, 0x00, 0x0A, 0x5F, 0xF9, 0x00, 0x01, 0x63, 0xF9, 0x00, 0x01, 0x63, 0xFF
; bucket 0x9D (6 entries)
  .byte 0x12, 0x48, 0xA0, 0xB6, 0x04, 0x00, 0x9D, 0x58, 0x78, 0x7E, 0xF9, 0x00, 0x0A, 0x33, 0xF9, 0x00, 0x07, 0xD7, 0xF9, 0x00, 0x03, 0x46, 0xFF
  .byte 0xB1, 0x08, 0x1E, 0x2E, 0x04, 0x00, 0x9D, 0x9D, 0x78, 0x7E, 0xF9, 0x00, 0x01, 0x63, 0xF9, 0x00, 0x01, 0x63, 0xF9, 0x00, 0x03, 0x46, 0xFF
  .byte 0xCB, 0xD3, 0x65, 0xB0, 0x04, 0x00, 0x9D, 0x77, 0x5D, 0x79, 0xF9, 0x00, 0x10, 0x70, 0xF9, 0x00, 0x03, 0x2E, 0xF9, 0x00, 0x0A, 0x21, 0xF9, 0x00, 0x0A, 0x21, 0xFF
  .byte 0xEA, 0x25, 0x78, 0xD1, 0x03, 0x00, 0x9D, 0x78, 0x7E, 0xF9, 0x00, 0x0A, 0x33, 0xF9, 0x00, 0x03, 0x46, 0xFF
  .byte 0xF2, 0x4E, 0x6B, 0xCA, 0x03, 0x00, 0x9D, 0x63, 0x77, 0xF9, 0x00, 0x05, 0x3C, 0xF9, 0x00, 0x0B, 0xEB, 0xF9, 0x00, 0x0F, 0x3D, 0xF9, 0x00, 0x08, 0xCD, 0xFF
  .byte 0x73, 0x11, 0x78, 0xC4, 0x03, 0x00, 0x9D, 0x78, 0x71, 0xF9, 0x00, 0x01, 0xC3, 0xF9, 0x00, 0x09, 0xD3, 0xFF
; bucket 0x9E (2 entries)
  .byte 0x6B, 0xA6, 0x35, 0x04, 0x05, 0x00, 0x9E, 0x79, 0x5C, 0x51, 0x7E, 0xF9, 0x00, 0x09, 0x40, 0xF9, 0x00, 0x08, 0x44, 0xF9, 0x00, 0x02, 0xD3, 0xFF
  .byte 0xC0, 0xBF, 0x3A, 0x06, 0x05, 0x00, 0x9E, 0x78, 0xA0, 0x9B, 0xAE, 0xF9, 0x00, 0x02, 0xD3, 0xF9, 0x00, 0x11, 0x24, 0xF9, 0x00, 0x0A, 0x15, 0xFF
; bucket 0x9F (11 entries)
  .byte 0xC3, 0xED, 0x20, 0x23, 0x09, 0x00, 0x9F, 0x59, 0x73, 0x7E, 0x64, 0x7A, 0xAE, 0x65, 0xAE, 0xF9, 0x00, 0x01, 0x63, 0xF9, 0x00, 0x07, 0xD7, 0xF9, 0x00, 0x09, 0x66, 0xF9, 0x00, 0x0E, 0x9E, 0xF9, 0x00, 0x08, 0x8A, 0xF9, 0x00, 0x05, 0xBD, 0xFF
  .byte 0x62, 0x9F, 0xAA, 0x9D, 0x09, 0x00, 0x9F, 0x59, 0x73, 0x7E, 0x5A, 0x7A, 0x58, 0x60, 0xAE, 0xF9, 0x00, 0x01, 0x63, 0xF9, 0x00, 0x07, 0xD7, 0xF9, 0x00, 0x09, 0x66, 0xF9, 0x00, 0x0C, 0x1A, 0xF9, 0x00, 0x01, 0xF3, 0xF9, 0x00, 0x05, 0xBD, 0xFF
  .byte 0x09, 0x81, 0xEA, 0x02, 0x09, 0x00, 0x9F, 0x59, 0x73, 0x7E, 0x98, 0x78, 0xAE, 0x91, 0xAE, 0xF9, 0x00, 0x01, 0x63, 0xF9, 0x00, 0x07, 0xD7, 0xF9, 0x00, 0x09, 0x66, 0xF9, 0x00, 0x0A, 0x3D, 0xF9, 0x00, 0x0F, 0xAB, 0xF9, 0x00, 0x05, 0xBD, 0xFF
  .byte 0xE1, 0x75, 0x39, 0x0A, 0x09, 0x00, 0x9F, 0x59, 0x73, 0x7E, 0x7A, 0x7E, 0x8D, 0x84, 0xAE, 0xF9, 0x00, 0x01, 0x63, 0xF9, 0x00, 0x07, 0xD7, 0xF9, 0x00, 0x09, 0x66, 0xF9, 0x00, 0x0E, 0x9B, 0xF9, 0x00, 0x05, 0x31, 0xF9, 0x00, 0x0F, 0xBD, 0xFF
  .byte 0x24, 0xFB, 0xCE, 0x6E, 0x05, 0x00, 0x9F, 0x78, 0x8B, 0x7E, 0xA3, 0xF9, 0x00, 0x03, 0x85, 0xF9, 0x00, 0x01, 0x9C, 0xF9, 0x00, 0x0C, 0x23, 0xFF
  .byte 0x06, 0xC0, 0x92, 0x7F, 0x04, 0x00, 0x9F, 0x66, 0xAE, 0x60, 0xF9, 0x00, 0x0E, 0x2C, 0xF9, 0x00, 0x05, 0x7D, 0xF9, 0x00, 0x09, 0x27, 0xFF
  .byte 0x6F, 0x9E, 0xF7, 0x8F, 0x04, 0x00, 0x9F, 0x78, 0x8B, 0x7E, 0xF9, 0x00, 0x03, 0x85, 0xF9, 0x00, 0x01, 0x9C, 0xF9, 0x00, 0x0C, 0x23, 0xFF
  .byte 0xD9, 0x36, 0x60, 0x7D, 0x04, 0x00, 0x9F, 0x9F, 0xA0, 0x5A, 0xF9, 0x00, 0x18, 0x70, 0xF9, 0x00, 0x11, 0x0B, 0xF9, 0x00, 0x05, 0x35, 0xFF
  .byte 0x4A, 0xC2, 0x04, 0x8F, 0x04, 0x00, 0x9F, 0x61, 0x54, 0x65, 0xF9, 0x00, 0x0D, 0x29, 0xF9, 0x00, 0x08, 0x3C, 0xF9, 0x00, 0x0B, 0x2E, 0xFF
  .byte 0x79, 0x67, 0x65, 0xDE, 0x04, 0x00, 0x9F, 0x7C, 0x79, 0x7E, 0xF9, 0x00, 0x0A, 0x69, 0xF9, 0x00, 0x04, 0x0B, 0xF9, 0x00, 0x0A, 0x3A, 0xF9, 0x00, 0x0A, 0x3A, 0xFF
  .byte 0x8F, 0x60, 0xB8, 0xC9, 0x03, 0x00, 0x9F, 0xA0, 0x9F, 0xF9, 0x00, 0x01, 0xC3, 0xF9, 0x00, 0x01, 0xC3, 0xFF
; bucket 0xA2 (1 entries)
  .byte 0x81, 0x30, 0xF6, 0xE7, 0x03, 0x00, 0xA2, 0x06, 0x02, 0xF9, 0x00, 0x0F, 0x0B, 0xF9, 0x00, 0x08, 0xD6, 0xFF
; bucket 0xA3 (1 entries)
  .byte 0xDA, 0x66, 0x19, 0x41, 0x03, 0x00, 0xA3, 0x06, 0x02, 0xF9, 0x00, 0x03, 0xA3, 0xF9, 0x00, 0x08, 0xD6, 0xFF
; bucket 0xA4 (1 entries)
  .byte 0x17, 0xE0, 0x97, 0x02, 0x03, 0x00, 0xA4, 0x06, 0x02, 0xF9, 0x00, 0x0B, 0x7D, 0xF9, 0x00, 0x08, 0xD6, 0xFF
; bucket 0xA5 (1 entries)
  .byte 0x70, 0x16, 0xBB, 0x5B, 0x03, 0x00, 0xA5, 0x06, 0x02, 0xF9, 0x00, 0x0C, 0x67, 0xF9, 0x00, 0x08, 0xD6, 0xFF
; bucket 0xA6 (1 entries)
  .byte 0x9D, 0x36, 0x6F, 0x1C, 0x03, 0x00, 0xA6, 0x06, 0x02, 0xF9, 0x00, 0x0D, 0xAB, 0xF9, 0x00, 0x08, 0xD6, 0xFF
; bucket 0xA7 (3 entries)
  .byte 0x05, 0x85, 0xDD, 0x9E, 0x03, 0x00, 0xA7, 0x41, 0x02, 0xA7, 0xF9, 0x00, 0x0C, 0xA9, 0xFF
  .byte 0x66, 0xC6, 0x6A, 0x15, 0x03, 0x00, 0xA7, 0x06, 0x02, 0xA7, 0xF9, 0x00, 0x08, 0xD6, 0xFF
  .byte 0x3C, 0x57, 0x81, 0x6C, 0x02, 0x00, 0xA7, 0x12, 0xA7, 0xF9, 0x00, 0x04, 0x60, 0xFF
; bucket 0xA8 (2 entries)
  .byte 0x53, 0x74, 0x54, 0xC5, 0x03, 0x00, 0xA8, 0x06, 0x02, 0xA8, 0xF9, 0x00, 0x08, 0xD6, 0xFF
  .byte 0x5F, 0x67, 0x9C, 0xEE, 0x02, 0x00, 0xA8, 0x12, 0xA8, 0xF9, 0x00, 0x04, 0x60, 0xFF
; bucket 0xA9 (3 entries)
  .byte 0x27, 0xB4, 0x1D, 0x11, 0x03, 0x00, 0xA9, 0x41, 0x02, 0xA9, 0xF9, 0x00, 0x0C, 0xA9, 0xFF
  .byte 0xAC, 0xAA, 0x77, 0x1E, 0x03, 0x00, 0xA9, 0x06, 0x02, 0xA9, 0xF9, 0x00, 0x08, 0xD6, 0xFF
  .byte 0xA2, 0x25, 0x9A, 0xEC, 0x02, 0x00, 0xA9, 0x12, 0xA9, 0xF9, 0x00, 0x04, 0x60, 0xFF
; bucket 0xAA (1 entries)
  .byte 0xD9, 0xCA, 0x2B, 0xDF, 0x03, 0x00, 0xAA, 0x06, 0x02, 0xAA, 0xF9, 0x00, 0x08, 0xD6, 0xFF
; bucket 0xFC (3 entries)
  .byte 0x5C, 0x09, 0x4C, 0xC1, 0x05, 0x00, 0xFC, 0x02, 0x00, 0x06, 0x11, 0xFC, 0x02, 0x00, 0xF9, 0x00, 0x0B, 0xE0, 0xF9, 0x00, 0x08, 0x70, 0xFF
  .byte 0x29, 0xE6, 0x84, 0x15, 0x05, 0x00, 0xFC, 0x02, 0x00, 0x1F, 0x09, 0xFC, 0x02, 0x00, 0xF9, 0x00, 0x0B, 0xE3, 0xF9, 0x00, 0x01, 0x3B, 0xFF
  .byte 0xA3, 0x0C, 0x91, 0x9F, 0x04, 0x00, 0xFC, 0x02, 0x02, 0x0A, 0xFC, 0x02, 0x02, 0xF9, 0x00, 0x11, 0x0B, 0xFF
; bucket 0xFD (45 entries)
  .byte 0x71, 0xDF, 0x04, 0x68, 0x33, 0x00, 0xFD, 0x02, 0x1A, 0x00, 0xFD, 0x04, 0x19, 0x00, 0x12, 0x06, 0x02, 0x06, 0x10, 0x2D, 0xFE, 0x07, 0x2A, 0x02, 0x16, 0x00, 0x2C, 0x0D, 0x2A, 0x10, 0xAB, 0xFB, 0x0F, 0x0C, 0x13, 0xB0, 0xAB, 0xFB, 0xFD, 0x02, 0x1A, 0x00, 0x01, 0x10, 0x27, 0x0C, 0x08, 0xFE, 0xFD, 0x03, 0x2D, 0x00, 0x05, 0x4A, 0x04, 0x10, 0xAB, 0xFD, 0x02, 0xF9, 0x00, 0x0D, 0x52, 0xF9, 0x00, 0x0B, 0x2B, 0xF9, 0x00, 0x0D, 0x64, 0xF9, 0x00, 0x05, 0xB2, 0xF9, 0x00, 0x08, 0x9E, 0xFD, 0x04, 0xF9, 0x00, 0x03, 0x0B, 0xF9, 0x00, 0x0F, 0x71, 0xF9, 0x00, 0x03, 0xAB, 0x3C, 0xFB, 0xF9, 0x00, 0x0B, 0x3B, 0xF9, 0x00, 0x05, 0x22, 0xB0, 0xB0, 0x3C, 0xFB, 0xFD, 0x02, 0xF9, 0x00, 0x0E, 0x90, 0xF9, 0x00, 0x05, 0x6E, 0xF9, 0x00, 0x08, 0x9E, 0xF9, 0x00, 0x0E, 0x4D, 0xF9, 0x00, 0x03, 0x0B, 0xFD, 0x03, 0x3C, 0xFF
  .byte 0xC8, 0x0D, 0xDD, 0x3A, 0x2A, 0x00, 0xFD, 0x19, 0x19, 0x00, 0xFD, 0x1A, 0x1A, 0xFE, 0xFD, 0x01, 0x2D, 0x00, 0x08, 0x28, 0x41, 0x0F, 0x03, 0x14, 0x00, 0x0C, 0x13, 0x02, 0x29, 0xFB, 0xFD, 0x20, 0x23, 0x00, 0x9F, 0x59, 0x73, 0x7E, 0x2D, 0xFE, 0x02, 0x2A, 0x06, 0x04, 0x1F, 0x0D, 0x06, 0xAC, 0xFD, 0x19, 0xF9, 0x00, 0x03, 0x0B, 0xFD, 0x1A, 0xF9, 0x00, 0x10, 0xEB, 0xF9, 0x00, 0x01, 0x75, 0xF9, 0x00, 0x0A, 0x26, 0xF9, 0x00, 0x02, 0x78, 0xFD, 0x01, 0x3C, 0xFB, 0xFD, 0x20, 0xF9, 0x00, 0x0E, 0xF1, 0xF9, 0x00, 0x07, 0x0D, 0xF9, 0x00, 0x05, 0x48, 0xF9, 0x00, 0x01, 0x63, 0xF9, 0x00, 0x07, 0xD7, 0xF9, 0x00, 0x09, 0x66, 0xF9, 0x00, 0x09, 0x2A, 0x3D, 0xFF
  .byte 0xDB, 0x57, 0x24, 0x3C, 0x1B, 0x00, 0xFD, 0x10, 0x1A, 0x00, 0xFD, 0x13, 0x44, 0xFE, 0xFD, 0x00, 0x19, 0x00, 0x2C, 0x3C, 0x9F, 0x52, 0x7E, 0x64, 0x2D, 0x00, 0x06, 0x02, 0x1C, 0x08, 0x0C, 0x10, 0xAB, 0xFD, 0x10, 0xF9, 0x00, 0x0F, 0x71, 0xFD, 0x13, 0xFE, 0xF9, 0x00, 0x05, 0x63, 0xF9, 0x00, 0x04, 0x1E, 0xF9, 0x00, 0x08, 0x9E, 0xFD, 0x00, 0xF9, 0x00, 0x03, 0x0B, 0xF9, 0x00, 0x10, 0x43, 0xF9, 0x00, 0x0C, 0x02, 0xCA, 0xCA, 0x3C, 0xFF
  .byte 0x6C, 0xC7, 0x18, 0xB0, 0x1A, 0x00, 0xFD, 0x10, 0x19, 0x00, 0xFD, 0x17, 0x44, 0xFE, 0xFD, 0x0D, 0x19, 0x00, 0x0A, 0x03, 0x3A, 0x07, 0x28, 0x36, 0x08, 0x37, 0x00, 0x0B, 0x37, 0x50, 0x10, 0xAB, 0xFD, 0x10, 0xF9, 0x00, 0x03, 0x0B, 0xFD, 0x17, 0xF9, 0x00, 0x07, 0x07, 0xF9, 0x00, 0x03, 0x14, 0xF9, 0x00, 0x08, 0x9E, 0xFD, 0x0D, 0xF9, 0x00, 0x03, 0x0B, 0xF9, 0x00, 0x04, 0x6D, 0xF9, 0x00, 0x05, 0x84, 0xF9, 0x00, 0x08, 0x79, 0x3C, 0xFF
  .byte 0x73, 0xFC, 0x06, 0x81, 0x19, 0x00, 0xFD, 0x0C, 0x19, 0x00, 0xFD, 0x11, 0x1A, 0xFE, 0x6F, 0x8D, 0xA0, 0x58, 0x5A, 0xAE, 0x64, 0x16, 0x00, 0x1A, 0x18, 0x06, 0x04, 0x0B, 0x2A, 0x10, 0xAB, 0xFD, 0x0C, 0xF9, 0x00, 0x03, 0x0B, 0xFD, 0x11, 0xF9, 0x00, 0x01, 0x78, 0xFE, 0xF9, 0x00, 0x09, 0x9D, 0xF9, 0x00, 0x03, 0xAB, 0xF9, 0x00, 0x07, 0x65, 0xF9, 0x00, 0x03, 0xB7, 0xF9, 0x00, 0x02, 0xED, 0xF9, 0x00, 0x08, 0x9E, 0x3C, 0xFF
  .byte 0x05, 0x66, 0x12, 0x17, 0x19, 0x00, 0xFD, 0x00, 0x19, 0x00, 0xFD, 0x14, 0x44, 0xFE, 0xFD, 0x01, 0x2D, 0x00, 0x23, 0x45, 0x0D, 0x0A, 0x14, 0x37, 0x00, 0x44, 0x07, 0x15, 0x02, 0xAB, 0xFB, 0xFD, 0x00, 0xF9, 0x00, 0x03, 0x0B, 0xFD, 0x14, 0xF9, 0x00, 0x0B, 0xF5, 0xFD, 0x01, 0xF9, 0x00, 0x0D, 0xA4, 0xF9, 0x00, 0x03, 0xAB, 0xF9, 0x00, 0x02, 0x39, 0xF9, 0x00, 0x0D, 0x33, 0x3C, 0xFB, 0xFF
  .byte 0x04, 0xCC, 0x9B, 0x10, 0x19, 0x00, 0xFD, 0x13, 0x19, 0x00, 0x0A, 0x03, 0x06, 0x44, 0xFE, 0xFD, 0x11, 0x0C, 0x06, 0x00, 0x41, 0x0D, 0x0A, 0x14, 0x37, 0x44, 0x07, 0x15, 0x02, 0xAB, 0xFB, 0xF9, 0x00, 0x0C, 0x21, 0xF9, 0x00, 0x03, 0x04, 0xFD, 0x13, 0xF9, 0x00, 0x03, 0x0B, 0xF9, 0x00, 0x0F, 0x5E, 0xF9, 0x00, 0x0E, 0x19, 0xFE, 0xF9, 0x00, 0x10, 0x8C, 0xF9, 0x00, 0x09, 0xD2, 0xF9, 0x00, 0x0B, 0xF5, 0xF9, 0x00, 0x0F, 0x71, 0xFD, 0x11, 0x3C, 0xFB, 0xFF
  .byte 0xEC, 0x5A, 0xC8, 0x8F, 0x18, 0x00, 0xFD, 0x0F, 0x1A, 0x00, 0x11, 0x36, 0x03, 0x1A, 0x12, 0x00, 0x0B, 0x2A, 0x13, 0xFE, 0xFD, 0x11, 0x37, 0x00, 0x41, 0x0E, 0x15, 0x02, 0xAB, 0xFB, 0xFD, 0x0F, 0xF9, 0x00, 0x01, 0x78, 0xF9, 0x00, 0x0C, 0xF5, 0xF9, 0x00, 0x0E, 0x51, 0xF9, 0x00, 0x08, 0x9E, 0x3C, 0xFE, 0xFD, 0x11, 0xF9, 0x00, 0x0D, 0xA4, 0xF9, 0x00, 0x03, 0xAB, 0xF9, 0x00, 0x0B, 0xF5, 0xF9, 0x00, 0x0F, 0x71, 0x3C, 0xFB, 0xFF
  .byte 0x63, 0x4A, 0x04, 0x2E, 0x18, 0x00, 0xFD, 0x0D, 0x1A, 0x00, 0xFD, 0x16, 0x44, 0xFE, 0x1E, 0x19, 0x05, 0x19, 0x00, 0x02, 0x28, 0x36, 0x08, 0x37, 0x00, 0x01, 0x37, 0x50, 0x10, 0xAB, 0xFD, 0x0D, 0xF9, 0x00, 0x03, 0x0B, 0xFD, 0x16, 0xF9, 0x00, 0x0C, 0xE2, 0xF9, 0x00, 0x0B, 0xDB, 0xF9, 0x00, 0x08, 0x9E, 0xF9, 0x00, 0x05, 0x7D, 0xF9, 0x00, 0x0E, 0xC0, 0xF9, 0x00, 0x10, 0x7F, 0xF9, 0x00, 0x08, 0x79, 0x3C, 0xFF
  .byte 0x5E, 0xEC, 0x8B, 0x4A, 0x18, 0x00, 0xFD, 0x10, 0x1A, 0x00, 0xFD, 0x13, 0x44, 0xFE, 0x3D, 0x36, 0x03, 0x10, 0x02, 0x02, 0x3D, 0x36, 0x03, 0x37, 0x00, 0x15, 0x05, 0x50, 0x10, 0xAB, 0xFD, 0x10, 0xF9, 0x00, 0x0F, 0x71, 0xFD, 0x13, 0xFE, 0xF9, 0x00, 0x10, 0x9F, 0xF9, 0x00, 0x04, 0xE9, 0xF9, 0x00, 0x08, 0x9E, 0xF9, 0x00, 0x0F, 0x3C, 0xF9, 0x00, 0x02, 0x25, 0xF9, 0x00, 0x10, 0xE3, 0xF9, 0x00, 0x0C, 0xAD, 0x3C, 0xFF
  .byte 0x26, 0xB3, 0xEB, 0x36, 0x18, 0x00, 0xFD, 0x10, 0x1A, 0x00, 0xFD, 0x13, 0x44, 0xFE, 0x5D, 0x63, 0xAE, 0x60, 0x5D, 0x2D, 0x00, 0x23, 0x14, 0x16, 0x00, 0x23, 0x45, 0x0C, 0x10, 0xAB, 0xFD, 0x10, 0xF9, 0x00, 0x0F, 0x71, 0xFD, 0x13, 0xFE, 0xF9, 0x00, 0x05, 0x63, 0xF9, 0x00, 0x04, 0x1E, 0xF9, 0x00, 0x08, 0x9E, 0xF9, 0x00, 0x09, 0xD2, 0xF9, 0x00, 0x08, 0x79, 0xF9, 0x00, 0x10, 0x86, 0x3C, 0xFF
  .byte 0xFB, 0xBE, 0xCF, 0xD1, 0x17, 0x00, 0xFD, 0x0D, 0x19, 0x00, 0xFD, 0x16, 0x44, 0xFE, 0xFD, 0x10, 0x19, 0x00, 0xFD, 0x00, 0x1A, 0x00, 0x07, 0x06, 0x15, 0x06, 0x50, 0x10, 0xAB, 0xFD, 0x0D, 0xF9, 0x00, 0x03, 0x0B, 0xFD, 0x16, 0xF9, 0x00, 0x03, 0x79, 0xFD, 0x10, 0xF9, 0x00, 0x03, 0x0B, 0xFD, 0x00, 0xF9, 0x00, 0x09, 0x53, 0xF9, 0x00, 0x0F, 0x7E, 0xF9, 0x00, 0x0E, 0x32, 0xF9, 0x00, 0x04, 0xC3, 0x3C, 0xFF
  .byte 0x1B, 0x05, 0xF6, 0x06, 0x17, 0x00, 0xFD, 0x10, 0x1A, 0x00, 0xFD, 0x13, 0x44, 0xFE, 0x0A, 0x05, 0x28, 0x3D, 0x36, 0x03, 0x10, 0x02, 0x37, 0x00, 0x15, 0x05, 0x50, 0x10, 0xAB, 0xFD, 0x10, 0xF9, 0x00, 0x0F, 0x71, 0xFD, 0x13, 0xFE, 0xF9, 0x00, 0x10, 0x9F, 0xF9, 0x00, 0x04, 0xE9, 0xF9, 0x00, 0x08, 0x9E, 0xF9, 0x00, 0x01, 0xB6, 0xF9, 0x00, 0x03, 0x58, 0xF9, 0x00, 0x10, 0xE3, 0xF9, 0x00, 0x0C, 0xAD, 0x3C, 0xFF
  .byte 0x87, 0xCA, 0x9F, 0x06, 0x16, 0x00, 0xFD, 0x10, 0x1A, 0x00, 0xFD, 0x13, 0x2D, 0x00, 0x12, 0x06, 0x50, 0x13, 0xFE, 0x1A, 0x28, 0x07, 0x28, 0x00, 0x41, 0x0C, 0x10, 0xAB, 0xFD, 0x10, 0xF9, 0x00, 0x0B, 0xF5, 0xF9, 0x00, 0x0F, 0x71, 0xF9, 0x00, 0x08, 0x9E, 0xFD, 0x13, 0x3B, 0xF9, 0x00, 0x05, 0x8F, 0xF9, 0x00, 0x03, 0xA5, 0xF9, 0x00, 0x08, 0x9E, 0xF9, 0x00, 0x0B, 0x2B, 0xF9, 0x00, 0x08, 0x79, 0x3C, 0xFF
  .byte 0xC7, 0xD9, 0x14, 0x03, 0x16, 0x00, 0xFD, 0x0D, 0x19, 0x00, 0xFD, 0x16, 0x44, 0xFE, 0xFD, 0x11, 0x1A, 0x00, 0x0A, 0x03, 0x06, 0x37, 0x00, 0x15, 0x06, 0x50, 0x10, 0xAB, 0xFD, 0x0D, 0xF9, 0x00, 0x03, 0x0B, 0xFD, 0x16, 0xF9, 0x00, 0x03, 0x79, 0xFD, 0x11, 0xF9, 0x00, 0x09, 0x53, 0xF9, 0x00, 0x0F, 0x7E, 0xF9, 0x00, 0x0E, 0x32, 0xF9, 0x00, 0x04, 0xC3, 0x3C, 0xFF
  .byte 0xD6, 0xDA, 0x9E, 0xA3, 0x16, 0x00, 0xFD, 0x0D, 0x19, 0x00, 0xFD, 0x16, 0x44, 0xFE, 0xFD, 0x0C, 0x1A, 0x00, 0x72, 0x7B, 0x72, 0x7B, 0x16, 0x00, 0x15, 0x50, 0x10, 0xAB, 0xFD, 0x0D, 0xF9, 0x00, 0x03, 0x0B, 0xFD, 0x16, 0xF9, 0x00, 0x0B, 0xF5, 0xFD, 0x0C, 0xF9, 0x00, 0x0E, 0x0A, 0xF9, 0x00, 0x0B, 0x6B, 0xF9, 0x00, 0x08, 0x9E, 0xF9, 0x00, 0x05, 0x79, 0xF9, 0x00, 0x09, 0x0C, 0x3C, 0xFF
  .byte 0x85, 0x64, 0xF0, 0xEF, 0x16, 0x00, 0xFD, 0x10, 0x1A, 0x00, 0xFD, 0x17, 0x44, 0xFE, 0xFD, 0x00, 0x3D, 0x36, 0x03, 0x10, 0x02, 0x37, 0x00, 0x15, 0x05, 0x50, 0x10, 0xAB, 0xFD, 0x10, 0xF9, 0x00, 0x03, 0x0B, 0xFD, 0x17, 0xF9, 0x00, 0x10, 0x9F, 0xF9, 0x00, 0x04, 0xE9, 0xF9, 0x00, 0x08, 0x9E, 0xFD, 0x00, 0xF9, 0x00, 0x03, 0x0B, 0xF9, 0x00, 0x10, 0xE3, 0xF9, 0x00, 0x0C, 0xAD, 0xF9, 0x00, 0x0F, 0x3C, 0xF9, 0x00, 0x02, 0x25, 0x3C, 0xFF
  .byte 0x81, 0x7A, 0xBE, 0x1F, 0x16, 0x00, 0xFD, 0x10, 0x1A, 0x00, 0xFD, 0x13, 0x44, 0xFE, 0xFD, 0x00, 0x3D, 0x36, 0x03, 0x10, 0x02, 0x37, 0x00, 0x15, 0x05, 0x50, 0x10, 0xAB, 0xFD, 0x10, 0xF9, 0x00, 0x0F, 0x71, 0xFD, 0x13, 0xFE, 0xF9, 0x00, 0x10, 0x9F, 0xF9, 0x00, 0x04, 0xE9, 0xF9, 0x00, 0x08, 0x9E, 0xFD, 0x00, 0xF9, 0x00, 0x10, 0xE3, 0xF9, 0x00, 0x0C, 0xAD, 0x3C, 0xFF
  .byte 0xC6, 0x63, 0x9D, 0xCF, 0x16, 0x00, 0xFD, 0x10, 0x1A, 0x00, 0xFD, 0x13, 0x44, 0xFE, 0x10, 0x02, 0x28, 0x36, 0x08, 0x2D, 0x00, 0x06, 0x02, 0x1C, 0x08, 0x0C, 0x10, 0xAB, 0xFD, 0x10, 0xF9, 0x00, 0x0F, 0x71, 0xFD, 0x13, 0xFE, 0xF9, 0x00, 0x05, 0x63, 0xF9, 0x00, 0x04, 0x1E, 0xF9, 0x00, 0x08, 0x9E, 0xF9, 0x00, 0x0C, 0xE6, 0xF9, 0x00, 0x08, 0x79, 0x3C, 0xFF
  .byte 0xD6, 0x5B, 0x37, 0x04, 0x15, 0x00, 0xFD, 0x10, 0x19, 0x00, 0xFD, 0x17, 0x44, 0xFE, 0xFD, 0x0E, 0x1A, 0x00, 0x18, 0x21, 0x50, 0x13, 0x0C, 0x1F, 0x50, 0x10, 0xAB, 0xFD, 0x10, 0xF9, 0x00, 0x03, 0x0B, 0xFD, 0x17, 0xF9, 0x00, 0x0F, 0x42, 0xFE, 0xFD, 0x0E, 0xF9, 0x00, 0x03, 0x9D, 0xF9, 0x00, 0x0C, 0x52, 0xF9, 0x00, 0x10, 0xF4, 0xF9, 0x00, 0x08, 0x9E, 0x3C, 0xFF
  .byte 0xD5, 0x9F, 0xB5, 0xB7, 0x15, 0x00, 0xFD, 0x0F, 0x1A, 0x00, 0x06, 0x15, 0x0C, 0x46, 0x28, 0x44, 0xFE, 0xFD, 0x11, 0x37, 0x00, 0x41, 0x0E, 0x15, 0x02, 0xAB, 0xFB, 0xFD, 0x0F, 0xF9, 0x00, 0x0F, 0x42, 0xFE, 0xF9, 0x00, 0x0C, 0xF5, 0xF9, 0x00, 0x0E, 0x51, 0xF9, 0x00, 0x03, 0x9D, 0xF9, 0x00, 0x0D, 0xA4, 0xF9, 0x00, 0x03, 0xAB, 0xF9, 0x00, 0x0B, 0xF5, 0xF9, 0x00, 0x0F, 0x71, 0xFD, 0x11, 0x3C, 0xFB, 0xFF
  .byte 0x04, 0x46, 0x86, 0x1C, 0x15, 0x00, 0xFD, 0x0D, 0x19, 0x00, 0xFD, 0x16, 0x44, 0xFE, 0xFD, 0x0C, 0x1A, 0x00, 0xFD, 0x11, 0x37, 0x00, 0x44, 0x07, 0x15, 0x02, 0xAB, 0xFD, 0x0D, 0xF9, 0x00, 0x03, 0x0B, 0xFD, 0x16, 0xF9, 0x00, 0x0B, 0x43, 0xFD, 0x0C, 0xF9, 0x00, 0x0D, 0xA4, 0xF9, 0x00, 0x03, 0xAB, 0xFD, 0x11, 0x3C, 0xFF
  .byte 0x67, 0xAA, 0x37, 0xD9, 0x15, 0x00, 0xFD, 0x19, 0x19, 0x00, 0xFD, 0x1A, 0xFE, 0x14, 0x19, 0x00, 0x0C, 0x36, 0x03, 0x48, 0x16, 0x00, 0x06, 0x50, 0x10, 0xAB, 0xFB, 0xFD, 0x19, 0xF9, 0x00, 0x03, 0x0B, 0xFD, 0x1A, 0xF9, 0x00, 0x03, 0x00, 0xF9, 0x00, 0x0D, 0xE6, 0xF9, 0x00, 0x08, 0x9E, 0x3C, 0xFE, 0xF9, 0x00, 0x09, 0xD9, 0xF9, 0x00, 0x0F, 0x5C, 0xF9, 0x00, 0x08, 0x9E, 0x3C, 0xFB, 0xFF
  .byte 0x68, 0xB2, 0x51, 0xEC, 0x15, 0x00, 0xFD, 0x03, 0x1A, 0x00, 0xFD, 0x23, 0x00, 0x9B, 0x5F, 0x5A, 0x7E, 0x16, 0xFE, 0x13, 0x2E, 0x0F, 0x03, 0x0B, 0x2A, 0x10, 0xAB, 0xFD, 0x03, 0xF9, 0x00, 0x03, 0x0B, 0xFD, 0x23, 0xF9, 0x00, 0x0F, 0x21, 0xF9, 0x00, 0x01, 0x78, 0xF9, 0x00, 0x02, 0xC6, 0xF9, 0x00, 0x0B, 0x6B, 0xF9, 0x00, 0x03, 0x2E, 0xF9, 0x00, 0x09, 0xCA, 0x3C, 0xFF
  .byte 0x6F, 0x7A, 0xAC, 0xF7, 0x14, 0x00, 0xFD, 0x0F, 0x1A, 0x00, 0x1C, 0x03, 0x02, 0x2E, 0x44, 0xFE, 0xFD, 0x11, 0x37, 0x00, 0x41, 0x0E, 0x15, 0x02, 0xAB, 0xFB, 0xFD, 0x0F, 0xF9, 0x00, 0x01, 0x78, 0xF9, 0x00, 0x0E, 0x0B, 0xF9, 0x00, 0x10, 0x97, 0xF9, 0x00, 0x08, 0x9E, 0x3C, 0xFE, 0xFD, 0x11, 0xF9, 0x00, 0x0D, 0xA4, 0xF9, 0x00, 0x03, 0xAB, 0xF9, 0x00, 0x0B, 0xF5, 0xF9, 0x00, 0x0F, 0x71, 0x3C, 0xFB, 0xFF
  .byte 0x7C, 0x12, 0x8D, 0xF1, 0x14, 0x00, 0xFD, 0x10, 0x19, 0x00, 0xFD, 0x17, 0x44, 0xFE, 0x03, 0x1F, 0x08, 0x00, 0x07, 0x1F, 0x27, 0x15, 0x06, 0x50, 0x10, 0xAB, 0xFD, 0x10, 0xF9, 0x00, 0x03, 0x0B, 0xFD, 0x17, 0xF9, 0x00, 0x0D, 0x7A, 0xF9, 0x00, 0x09, 0xD2, 0xF9, 0x00, 0x11, 0x18, 0xF9, 0x00, 0x0E, 0x32, 0x3C, 0xFF
  .byte 0x98, 0x97, 0x83, 0x19, 0x13, 0x00, 0xFD, 0x0D, 0x1A, 0x00, 0xFD, 0x10, 0x19, 0xFE, 0x2C, 0x3C, 0x2D, 0x00, 0x26, 0x0A, 0x45, 0x28, 0x0C, 0x10, 0xAB, 0xFD, 0x0D, 0xF9, 0x00, 0x03, 0x86, 0xF9, 0x00, 0x11, 0x17, 0xF9, 0x00, 0x08, 0x9E, 0xFD, 0x10, 0xF9, 0x00, 0x03, 0x0B, 0xFE, 0xF9, 0x00, 0x10, 0x43, 0xF9, 0x00, 0x0C, 0x02, 0x3C, 0xFF
  .byte 0x06, 0x89, 0xBD, 0x23, 0x13, 0x00, 0xFD, 0x10, 0x1A, 0x00, 0xFD, 0x17, 0x44, 0xFE, 0x0D, 0x46, 0x24, 0x0B, 0x37, 0x00, 0x01, 0x37, 0x50, 0x10, 0xAB, 0xFD, 0x10, 0xF9, 0x00, 0x03, 0x0B, 0xFD, 0x17, 0xF9, 0x00, 0x0B, 0x43, 0xF9, 0x00, 0x0C, 0x7C, 0xF9, 0x00, 0x03, 0x6D, 0xF9, 0x00, 0x0C, 0xE2, 0xF9, 0x00, 0x0B, 0xDB, 0xF9, 0x00, 0x08, 0x9E, 0x3C, 0xFF
  .byte 0xC2, 0x6B, 0x1C, 0xC2, 0x13, 0x00, 0xFD, 0x0D, 0x1A, 0x00, 0xFD, 0x16, 0x44, 0xFE, 0x72, 0x7B, 0x72, 0x7B, 0x16, 0x00, 0x15, 0x27, 0x15, 0x02, 0xAB, 0xFD, 0x0D, 0xF9, 0x00, 0x03, 0x0B, 0xFD, 0x16, 0xF9, 0x00, 0x0B, 0xF5, 0xF9, 0x00, 0x0A, 0x9F, 0xF9, 0x00, 0x09, 0x7A, 0xF9, 0x00, 0x0F, 0x88, 0xF9, 0x00, 0x05, 0x79, 0xF9, 0x00, 0x09, 0x0C, 0x3C, 0xFF
  .byte 0xA5, 0x04, 0x2B, 0xBA, 0x13, 0x00, 0xFD, 0x10, 0x19, 0x00, 0xFD, 0x17, 0x44, 0xFE, 0x0D, 0x15, 0x01, 0x27, 0x0C, 0x16, 0x00, 0x15, 0x50, 0x10, 0xAB, 0xFD, 0x10, 0xF9, 0x00, 0x03, 0x0B, 0xFD, 0x17, 0xF9, 0x00, 0x0F, 0x4D, 0xF9, 0x00, 0x03, 0xA5, 0xF9, 0x00, 0x08, 0x9E, 0xF9, 0x00, 0x0B, 0x91, 0xF9, 0x00, 0x01, 0x66, 0x3C, 0xFF
  .byte 0x8B, 0x67, 0x20, 0x2D, 0x13, 0x00, 0xFD, 0x10, 0x19, 0x00, 0xFD, 0x17, 0x1A, 0xFE, 0xFD, 0x0E, 0x16, 0x00, 0x07, 0x06, 0x15, 0x06, 0x50, 0x10, 0xAB, 0xFD, 0x10, 0xF9, 0x00, 0x03, 0x0B, 0xFD, 0x17, 0xF9, 0x00, 0x03, 0x79, 0xFD, 0x0E, 0xF9, 0x00, 0x09, 0x53, 0xF9, 0x00, 0x0F, 0x7E, 0xF9, 0x00, 0x0E, 0x32, 0xF9, 0x00, 0x04, 0xC3, 0x3C, 0xFF
  .byte 0x61, 0xA4, 0xC5, 0x94, 0x13, 0x00, 0xFD, 0x10, 0x1A, 0x00, 0xFD, 0x13, 0x44, 0xFE, 0x0A, 0x2E, 0x27, 0x2E, 0x37, 0x00, 0x15, 0x05, 0x50, 0x10, 0xAB, 0xFD, 0x10, 0xF9, 0x00, 0x0F, 0x71, 0xFD, 0x13, 0xFE, 0xF9, 0x00, 0x10, 0x9F, 0xF9, 0x00, 0x04, 0xE9, 0xF9, 0x00, 0x08, 0x9E, 0xF9, 0x00, 0x05, 0x79, 0xF9, 0x00, 0x09, 0x0C, 0x3C, 0xFF
  .byte 0xEC, 0x25, 0x64, 0x13, 0x12, 0x00, 0xFD, 0x0D, 0x1A, 0x00, 0xFD, 0x16, 0x44, 0xFE, 0x0A, 0x03, 0x3A, 0x07, 0x2D, 0x00, 0x03, 0x09, 0x10, 0xAB, 0xFD, 0x0D, 0xF9, 0x00, 0x03, 0x0B, 0xFD, 0x16, 0xF9, 0x00, 0x0B, 0xF5, 0xF9, 0x00, 0x0A, 0x9F, 0xF9, 0x00, 0x0C, 0x21, 0xF9, 0x00, 0x03, 0x04, 0xF9, 0x00, 0x08, 0x9E, 0xF9, 0x00, 0x0B, 0xA9, 0xF9, 0x00, 0x04, 0xCC, 0x3C, 0xFF
  .byte 0x9F, 0x43, 0xDF, 0x09, 0x12, 0x00, 0xFD, 0x20, 0x1A, 0xFE, 0xFD, 0x03, 0x16, 0x00, 0x9F, 0x7B, 0xA0, 0x58, 0x2D, 0x00, 0x15, 0x3A, 0x10, 0xAB, 0xFD, 0x20, 0xF9, 0x00, 0x0E, 0x1F, 0xFD, 0x03, 0xF9, 0x00, 0x0B, 0x53, 0xF9, 0x00, 0x02, 0x78, 0xF9, 0x00, 0x08, 0x9E, 0xF9, 0x00, 0x07, 0x5B, 0xF9, 0x00, 0x08, 0xBC, 0xF9, 0x00, 0x0B, 0x14, 0x3C, 0xFF
  .byte 0x6C, 0x53, 0x52, 0x45, 0x12, 0x00, 0xFD, 0x10, 0x1A, 0x00, 0xFD, 0x13, 0x44, 0xFE, 0x24, 0x09, 0x45, 0x37, 0x00, 0x15, 0x05, 0x50, 0x10, 0xAB, 0xFD, 0x10, 0xF9, 0x00, 0x0F, 0x71, 0xFD, 0x13, 0xFE, 0xF9, 0x00, 0x10, 0x9F, 0xF9, 0x00, 0x04, 0xE9, 0xF9, 0x00, 0x08, 0x9E, 0xF9, 0x00, 0x0B, 0xB3, 0xF9, 0x00, 0x0B, 0xA9, 0x3C, 0xFF
  .byte 0xB1, 0x7E, 0xE1, 0xDC, 0x10, 0x00, 0xFD, 0x0D, 0x1A, 0x00, 0xFD, 0x16, 0x44, 0xFE, 0x0A, 0x2E, 0x27, 0x2E, 0x0C, 0x15, 0x02, 0xAB, 0xFD, 0x0D, 0xF9, 0x00, 0x03, 0x0B, 0xFD, 0x16, 0xF9, 0x00, 0x0B, 0xF5, 0xF9, 0x00, 0x0A, 0x9F, 0xF9, 0x00, 0x09, 0x7A, 0xF9, 0x00, 0x0F, 0x88, 0xF9, 0x00, 0x05, 0x79, 0xF9, 0x00, 0x09, 0x0C, 0x3C, 0xFF
  .byte 0x29, 0xE0, 0x80, 0x08, 0x10, 0x00, 0xFD, 0x0C, 0x1A, 0x00, 0xFD, 0x15, 0x44, 0xFE, 0x0D, 0x0A, 0x0C, 0x00, 0x06, 0x02, 0x1C, 0x08, 0xFD, 0x0C, 0xF9, 0x00, 0x03, 0x0B, 0xFD, 0x15, 0xF9, 0x00, 0x05, 0x63, 0xF9, 0x00, 0x04, 0x1E, 0xF9, 0x00, 0x08, 0x9E, 0xF9, 0x00, 0x0B, 0xB7, 0xF9, 0x00, 0x08, 0x92, 0xF9, 0x00, 0x0C, 0xE6, 0xF9, 0x00, 0x08, 0x79, 0x3C, 0xFF
  .byte 0xA7, 0x61, 0xD7, 0xE7, 0x10, 0x00, 0xFD, 0x10, 0x1A, 0x00, 0xFD, 0x13, 0x44, 0xFE, 0x0D, 0x0A, 0x0C, 0x00, 0x06, 0x02, 0x1C, 0x08, 0xFD, 0x10, 0xF9, 0x00, 0x0F, 0x71, 0xFD, 0x13, 0xFE, 0xF9, 0x00, 0x0B, 0xB2, 0xF9, 0x00, 0x0D, 0x68, 0xF9, 0x00, 0x05, 0x63, 0xF9, 0x00, 0x04, 0x1E, 0xF9, 0x00, 0x08, 0x9E, 0xF9, 0x00, 0x0F, 0x0B, 0xF9, 0x00, 0x0E, 0x34, 0xFF
  .byte 0xD3, 0x0B, 0x76, 0xD4, 0x0F, 0x00, 0xFD, 0x0D, 0x1A, 0x00, 0xFD, 0x16, 0x44, 0xFE, 0x07, 0x06, 0x15, 0x06, 0x50, 0x10, 0xAB, 0xFD, 0x0D, 0xF9, 0x00, 0x03, 0x0B, 0xFD, 0x16, 0xF9, 0x00, 0x09, 0x53, 0xF9, 0x00, 0x0F, 0x7E, 0xF9, 0x00, 0x09, 0x94, 0xF9, 0x00, 0x10, 0xA1, 0x3C, 0xFF
  .byte 0xAF, 0x31, 0x59, 0xB4, 0x0E, 0x00, 0xFD, 0x0C, 0x1A, 0xFE, 0xFD, 0x10, 0x16, 0x00, 0x72, 0x7B, 0x72, 0x7B, 0x41, 0xAB, 0xFD, 0x0C, 0xF9, 0x00, 0x03, 0x79, 0xFE, 0xFD, 0x10, 0xF9, 0x00, 0x10, 0xF4, 0xF9, 0x00, 0x09, 0x6C, 0xF9, 0x00, 0x08, 0x9E, 0x3C, 0xFF
  .byte 0xD8, 0x81, 0x18, 0x7F, 0x0E, 0x00, 0xFD, 0x0D, 0x1A, 0xFE, 0xFD, 0x16, 0x44, 0x00, 0x18, 0x21, 0x27, 0x15, 0x02, 0xAB, 0xFD, 0x0D, 0xF9, 0x00, 0x0F, 0x42, 0xF9, 0x00, 0x0D, 0x70, 0xFE, 0xFD, 0x16, 0xF9, 0x00, 0x03, 0x9D, 0xF9, 0x00, 0x0D, 0xA4, 0xF9, 0x00, 0x03, 0xAB, 0xF9, 0x00, 0x0B, 0x6B, 0xF9, 0x00, 0x0C, 0x52, 0x3C, 0xFF
  .byte 0x7C, 0x91, 0x7A, 0x7D, 0x0E, 0x00, 0xFD, 0x0E, 0x1A, 0x00, 0xFD, 0x18, 0x44, 0xFE, 0x1B, 0x29, 0x1F, 0x15, 0x02, 0xAB, 0xFD, 0x0E, 0xF9, 0x00, 0x03, 0x0B, 0xFD, 0x18, 0xF9, 0x00, 0x0B, 0xF5, 0xF9, 0x00, 0x0A, 0x9F, 0xF9, 0x00, 0x09, 0x53, 0xF9, 0x00, 0x0F, 0x7E, 0xF9, 0x00, 0x0D, 0x33, 0xF9, 0x00, 0x0C, 0x98, 0x3C, 0xFF
  .byte 0x08, 0x52, 0x7C, 0x65, 0x0E, 0x00, 0xFD, 0x10, 0x1A, 0x00, 0xFD, 0x13, 0x44, 0xFE, 0xFD, 0x00, 0x37, 0x00, 0xFD, 0x01, 0xFD, 0x10, 0xF9, 0x00, 0x03, 0x0B, 0xFD, 0x13, 0xF9, 0x00, 0x0B, 0xF5, 0xFD, 0x00, 0xFD, 0x01, 0x3C, 0xFF
  .byte 0xED, 0xB1, 0x90, 0x3D, 0x0B, 0x00, 0xFD, 0x13, 0x1A, 0x00, 0xFD, 0x10, 0x16, 0x1A, 0xFE, 0xFD, 0x00, 0xFD, 0x13, 0xF9, 0x00, 0x03, 0x79, 0xFD, 0x10, 0xF9, 0x00, 0x03, 0x0B, 0xFE, 0xFD, 0x00, 0xFF
  .byte 0x0B, 0x07, 0xA6, 0x7C, 0x03, 0x00, 0xFD, 0x02, 0xB7, 0xFD, 0x02, 0xF9, 0x00, 0x0F, 0xB6, 0xFF
